Workbook
Name ATUAL_CARGA_TOTAL: RAMAL!$AB$12
Name ATUAL_CORRENTE_MAXIMA: RAMAL!$AB$6
Name ATUAL_DEMANDA_MAXIMA: RAMAL!$AB$8
Name ATUAL_DMDI_MEDIO: RAMAL!$AB$18
Name ATUAL_ENTRADAS_RAMAIS: RAMAL!$A$18:$U$77
Name ATUAL_FATOR_LEITURA_TRAFO: RAMAL!$AB$14
Name AUX_CLAN: DB!$C$30:$F$330
Name CONDUTORES: CABOS[]
Name COORD: COORDENADAS!$C$2:$E$63
Name DEM_ATUAL: DB!$K$7
Name DMDI: RAMAL!$AA$30
Name fator_potencia: DB!$K$2
Name QT_MT: DB!$K$4
Name QT_MTTR: DB!$K$10
Name QT_MTTR2: DB!$K$19
Name QT_MTTR3: DB!$K$26
Name QT_TR: DB!$K$8
Name RAMA_PROJ1: #REF!
Name RAMA_PROJ2: #REF!
Name RAMAIS_ATUAL: RAMAL!$A$18:$Y$77
Name RAMAIS_PROJ1: #REF!
Name T_LINHA_MONO: DB!$M$14
Name T_LINHA_TRF: DB!$M$13
Name TAB_CLAN_DMDI: DB!$A$30:$B$411
Name TR_ATUAL: DB!$K$6
Name CONDUTORES: CABOS[]
Name CONDUTORES: CABOS[]
Name CONDUTORES: CABOS[]
Name CONDUTORES: CABOS[]
Name CONDUTORES: CABOS[]
Name CONDUTORES: CABOS[]
Name CONDUTORES: CABOS[]

Sheet DB
A1: CONDUTORES | B1: (A) | C1: Resistência | D1: Reatância | E1: α | F1: DIVISOR_R | G1: TEMP_LIM | H1: DELTA_TEMP_30 | I1: K_TERM_30 | P1: I_MIN | Q1: IN_PADRAO | S1: PARAMETRO | T1: VALOR | U1: UNIDADE | W1: CONDUTOR | X1: MATERIAL | Y1: COD_CONDUTOR
A2: 25 Al - Arm | C2: 1.5693 | D2: 0.1039 | E2: 0.00403 | F2: 1.2821 | G2: =IF(OR(A2="13 Al - DX",A2="13 Al - TX",A2="13 Al - QX",A2="21 Al - QX",A2="53 Al - QX"),70,90) | H2: =G2-30 | I2: =IFERROR(B2/H2,0) | J2: fator | K2: 0.92 | P2: =0 | Q2: =0 | S2: fator_potencia | T2: =K2 | U2: pu | W2: =INDEX(CABOS[CONDUTORES],1) | X2: =IF(ISNUMBER(FIND(" Cu",W2)),"CU",IF(ISNUMBER(FIND(" Al",W2)),"AL",IF(ISNUMBER(FIND(" AA",W2)),"AA","OUTRO"))) | Y2: =UPPER(SUBSTITUTE(SUBSTITUTE(SUBSTITUTE(SUBSTITUTE(W2," - ","_")," ","_"),"-","_"),".",""))
A3: 50 Al - Arm | C3: 0.8388 | D3: 0.1039 | E3: 0.00403 | F3: 1.2821 | G3: =IF(OR(A3="13 Al - DX",A3="13 Al - TX",A3="13 Al - QX",A3="21 Al - QX",A3="53 Al - QX"),70,90) | H3: =G3-30 | I3: =IFERROR(B3/H3,0) | M3: TRAFO | N3: Z% | P3: =6 | Q3: =6 | S3: QT_MT | T3: =K4 | U3: pu | W3: =INDEX(CABOS[CONDUTORES],2) | X3: =IF(ISNUMBER(FIND(" Cu",W3)),"CU",IF(ISNUMBER(FIND(" Al",W3)),"AL",IF(ISNUMBER(FIND(" AA",W3)),"AA","OUTRO"))) | Y3: =UPPER(SUBSTITUTE(SUBSTITUTE(SUBSTITUTE(SUBSTITUTE(W3," - ","_")," ","_"),"-","_"),".",""))
A4: 95 Al - Arm | B4: 237 | C4: 0.4197 | D4: 0.098 | E4: 0.00403 | F4: 1.2821 | G4: =IF(OR(A4="13 Al - DX",A4="13 Al - TX",A4="13 Al - QX",A4="21 Al - QX",A4="53 Al - QX"),70,90) | H4: =G4-30 | I4: =IFERROR(B4/H4,0) | J4: QT_MT | K4: 0.0183 | M4: 30 | N4: 0.035 | P4: =10 | Q4: =10 | S4: TR_ATUAL | T4: =K6 | U4: kVA | W4: =INDEX(CABOS[CONDUTORES],3) | X4: =IF(ISNUMBER(FIND(" Cu",W4)),"CU",IF(ISNUMBER(FIND(" Al",W4)),"AL",IF(ISNUMBER(FIND(" AA",W4)),"AA","OUTRO"))) | Y4: =UPPER(SUBSTITUTE(SUBSTITUTE(SUBSTITUTE(SUBSTITUTE(W4," - ","_")," ","_"),"-","_"),".",""))
A5: 150 Al - Arm | C5: 0.266 | D5: 0.096 | E5: 0.00403 | F5: 1.2821 | G5: =IF(OR(A5="13 Al - DX",A5="13 Al - TX",A5="13 Al - QX",A5="21 Al - QX",A5="53 Al - QX"),70,90) | H5: =G5-30 | I5: =IFERROR(B5/H5,0) | M5: 45 | N5: 0.035 | P5: =16 | Q5: =16 | S5: DEM_ATUAL | T5: =K7 | U5: kVA | W5: =INDEX(CABOS[CONDUTORES],4) | X5: =IF(ISNUMBER(FIND(" Cu",W5)),"CU",IF(ISNUMBER(FIND(" Al",W5)),"AL",IF(ISNUMBER(FIND(" AA",W5)),"AA","OUTRO"))) | Y5: =UPPER(SUBSTITUTE(SUBSTITUTE(SUBSTITUTE(SUBSTITUTE(W5," - ","_")," ","_"),"-","_"),".",""))
A6: 240 Al - Arm | B6: 395 | C6: 0.1665 | D6: 0.0858 | E6: 0.00403 | F6: 1.2821 | G6: =IF(OR(A6="13 Al - DX",A6="13 Al - TX",A6="13 Al - QX",A6="21 Al - QX",A6="53 Al - QX"),70,90) | H6: =G6-30 | I6: =IFERROR(B6/H6,0) | J6: TR_ATUAL | K6: =GERAL!O3 | M6: 75 | N6: 0.035 | P6: =20 | Q6: =20 | S6: QT_TR | T6: =K8 | U6: pu | W6: =INDEX(CABOS[CONDUTORES],5) | X6: =IF(ISNUMBER(FIND(" Cu",W6)),"CU",IF(ISNUMBER(FIND(" Al",W6)),"AL",IF(ISNUMBER(FIND(" AA",W6)),"AA","OUTRO"))) | Y6: =UPPER(SUBSTITUTE(SUBSTITUTE(SUBSTITUTE(SUBSTITUTE(W6," - ","_")," ","_"),"-","_"),".",""))
A7: 25 Al | C7: 1.5693 | D7: 0.109 | E7: 0.00403 | F7: 1.2821 | G7: =IF(OR(A7="13 Al - DX",A7="13 Al - TX",A7="13 Al - QX",A7="21 Al - QX",A7="53 Al - QX"),70,90) | H7: =G7-30 | I7: =IFERROR(B7/H7,0) | J7: DEM_ATUAL | K7: =GERAL!I9 | M7: 112.5 | N7: 0.035 | P7: =25 | Q7: =25 | S7: QT_MTTR | T7: =K10 | U7: pu | W7: =INDEX(CABOS[CONDUTORES],6) | X7: =IF(ISNUMBER(FIND(" Cu",W7)),"CU",IF(ISNUMBER(FIND(" Al",W7)),"AL",IF(ISNUMBER(FIND(" AA",W7)),"AA","OUTRO"))) | Y7: =UPPER(SUBSTITUTE(SUBSTITUTE(SUBSTITUTE(SUBSTITUTE(W7," - ","_")," ","_"),"-","_"),".",""))
A8: 35 Cu | C8: 0.6887 | D8: 0.1048 | E8: 0.00393 | F8: 1.2821 | G8: =IF(OR(A8="13 Al - DX",A8="13 Al - TX",A8="13 Al - QX",A8="21 Al - QX",A8="53 Al - QX"),70,90) | H8: =G8-30 | I8: =IFERROR(B8/H8,0) | J8: QT_TR | K8: =(DEM_ATUAL/TR_ATUAL)*VLOOKUP(TR_ATUAL,TRAFOS_Z[],2,0) | M8: 150 | N8: 0.035 | P8: =32 | Q8: =32 | W8: =INDEX(CABOS[CONDUTORES],7) | X8: =IF(ISNUMBER(FIND(" Cu",W8)),"CU",IF(ISNUMBER(FIND(" Al",W8)),"AL",IF(ISNUMBER(FIND(" AA",W8)),"AA","OUTRO"))) | Y8: =UPPER(SUBSTITUTE(SUBSTITUTE(SUBSTITUTE(SUBSTITUTE(W8," - ","_")," ","_"),"-","_"),".",""))
A9: 70 Cu | C9: 0.3523 | D9: 0.1024 | E9: 0.00393 | F9: 1.2821 | G9: =IF(OR(A9="13 Al - DX",A9="13 Al - TX",A9="13 Al - QX",A9="21 Al - QX",A9="53 Al - QX"),70,90) | H9: =G9-30 | I9: =IFERROR(B9/H9,0) | M9: 225 | N9: 0.035 | P9: =40 | Q9: =40 | W9: =INDEX(CABOS[CONDUTORES],8) | X9: =IF(ISNUMBER(FIND(" Cu",W9)),"CU",IF(ISNUMBER(FIND(" Al",W9)),"AL",IF(ISNUMBER(FIND(" AA",W9)),"AA","OUTRO"))) | Y9: =UPPER(SUBSTITUTE(SUBSTITUTE(SUBSTITUTE(SUBSTITUTE(W9," - ","_")," ","_"),"-","_"),".",""))
A10: 95 Al | C10: 0.4195 | D10: 0.0958 | E10: 0.00403 | F10: 1.2821 | G10: =IF(OR(A10="13 Al - DX",A10="13 Al - TX",A10="13 Al - QX",A10="21 Al - QX",A10="53 Al - QX"),70,90) | H10: =G10-30 | I10: =IFERROR(B10/H10,0) | J10: QT_MTTR | K10: =QT_MT+QT_TR | M10: 300 | N10: 0.035 | P10: =50 | Q10: =50 | W10: =INDEX(CABOS[CONDUTORES],9) | X10: =IF(ISNUMBER(FIND(" Cu",W10)),"CU",IF(ISNUMBER(FIND(" Al",W10)),"AL",IF(ISNUMBER(FIND(" AA",W10)),"AA","OUTRO"))) | Y10: =UPPER(SUBSTITUTE(SUBSTITUTE(SUBSTITUTE(SUBSTITUTE(W10," - ","_")," ","_"),"-","_"),".",""))
A11: 120 Cu | C11: 0.2023 | D11: 0.0971 | E11: 0.00393 | F11: 1.2821 | G11: =IF(OR(A11="13 Al - DX",A11="13 Al - TX",A11="13 Al - QX",A11="21 Al - QX",A11="53 Al - QX"),70,90) | H11: =G11-30 | I11: =IFERROR(B11/H11,0) | P11: =63 | Q11: =63 | W11: =INDEX(CABOS[CONDUTORES],10) | X11: =IF(ISNUMBER(FIND(" Cu",W11)),"CU",IF(ISNUMBER(FIND(" Al",W11)),"AL",IF(ISNUMBER(FIND(" AA",W11)),"AA","OUTRO"))) | Y11: =UPPER(SUBSTITUTE(SUBSTITUTE(SUBSTITUTE(SUBSTITUTE(W11," - ","_")," ","_"),"-","_"),".",""))
A12: 240 Al | B12: 476 | C12: 0.1663 | D12: 0.0897 | E12: 0.00403 | F12: 1.2821 | G12: =IF(OR(A12="13 Al - DX",A12="13 Al - TX",A12="13 Al - QX",A12="21 Al - QX",A12="53 Al - QX"),70,90) | H12: =G12-30 | I12: =IFERROR(B12/H12,0) | P12: =80 | Q12: =80 | W12: =INDEX(CABOS[CONDUTORES],11) | X12: =IF(ISNUMBER(FIND(" Cu",W12)),"CU",IF(ISNUMBER(FIND(" Al",W12)),"AL",IF(ISNUMBER(FIND(" AA",W12)),"AA","OUTRO"))) | Y12: =UPPER(SUBSTITUTE(SUBSTITUTE(SUBSTITUTE(SUBSTITUTE(W12," - ","_")," ","_"),"-","_"),".",""))
A13: 240 Cu | B13: 430 | C13: 0.1035 | D13: 0.0897 | E13: 0.00393 | F13: 1.2821 | G13: =IF(OR(A13="13 Al - DX",A13="13 Al - TX",A13="13 Al - QX",A13="21 Al - QX",A13="53 Al - QX"),70,90) | H13: =G13-30 | I13: =IFERROR(B13/H13,0) | M13: 220 | P13: =100 | Q13: =100 | W13: =INDEX(CABOS[CONDUTORES],12) | X13: =IF(ISNUMBER(FIND(" Cu",W13)),"CU",IF(ISNUMBER(FIND(" Al",W13)),"AL",IF(ISNUMBER(FIND(" AA",W13)),"AA","OUTRO"))) | Y13: =UPPER(SUBSTITUTE(SUBSTITUTE(SUBSTITUTE(SUBSTITUTE(W13," - ","_")," ","_"),"-","_"),".",""))
A14: 500 Cu | C14: 0.0568 | D14: 0.0849 | E14: 0.00393 | F14: 1.2821 | G14: =IF(OR(A14="13 Al - DX",A14="13 Al - TX",A14="13 Al - QX",A14="21 Al - QX",A14="53 Al - QX"),70,90) | H14: =G14-30 | I14: =IFERROR(B14/H14,0) | M14: =T_LINHA_TRF/SQRT(3) | P14: =125 | Q14: =125 | W14: =INDEX(CABOS[CONDUTORES],13) | X14: =IF(ISNUMBER(FIND(" Cu",W14)),"CU",IF(ISNUMBER(FIND(" Al",W14)),"AL",IF(ISNUMBER(FIND(" AA",W14)),"AA","OUTRO"))) | Y14: =UPPER(SUBSTITUTE(SUBSTITUTE(SUBSTITUTE(SUBSTITUTE(W14," - ","_")," ","_"),"-","_"),".",""))
A15: 10 Cu_CONC_bi | B15: 63 | C15: 2.3801 | D15: 0.101 | E15: 0.00403 | F15: 1.2821 | G15: =IF(OR(A15="13 Al - DX",A15="13 Al - TX",A15="13 Al - QX",A15="21 Al - QX",A15="53 Al - QX"),70,90) | H15: =G15-30 | I15: =IFERROR(B15/H15,0) | J15: TR_PROJ1 | K15: ='GERAL PROJ'!O3 | P15: =160 | Q15: =160 | W15: =INDEX(CABOS[CONDUTORES],14) | X15: =IF(ISNUMBER(FIND(" Cu",W15)),"CU",IF(ISNUMBER(FIND(" Al",W15)),"AL",IF(ISNUMBER(FIND(" AA",W15)),"AA","OUTRO"))) | Y15: =UPPER(SUBSTITUTE(SUBSTITUTE(SUBSTITUTE(SUBSTITUTE(W15," - ","_")," ","_"),"-","_"),".",""))
A16: 10 Cu_CONC_Tri | B16: 63 | C16: 2.3801 | D16: 0.101 | E16: 0.00403 | F16: 1.2821 | G16: =IF(OR(A16="13 Al - DX",A16="13 Al - TX",A16="13 Al - QX",A16="21 Al - QX",A16="53 Al - QX"),70,90) | H16: =G16-30 | I16: =IFERROR(B16/H16,0) | J16: DEM_PROJ1 | K16: =RAMAL!AC24 | P16: =200 | Q16: =200 | W16: =INDEX(CABOS[CONDUTORES],15) | X16: =IF(ISNUMBER(FIND(" Cu",W16)),"CU",IF(ISNUMBER(FIND(" Al",W16)),"AL",IF(ISNUMBER(FIND(" AA",W16)),"AA","OUTRO"))) | Y16: =UPPER(SUBSTITUTE(SUBSTITUTE(SUBSTITUTE(SUBSTITUTE(W16," - ","_")," ","_"),"-","_"),".",""))
A17: 16 Al_CONC_bi | B17: 63 | C17: 2.4978 | D17: 0.085 | E17: 0.00403 | F17: 1.2821 | G17: =IF(OR(A17="13 Al - DX",A17="13 Al - TX",A17="13 Al - QX",A17="21 Al - QX",A17="53 Al - QX"),70,90) | H17: =G17-30 | I17: =IFERROR(B17/H17,0) | J17: QT_TR | K17: =(K16/K15)*VLOOKUP(K15,TRAFOS_Z[],2,0) | P17: =250 | Q17: =250 | W17: =INDEX(CABOS[CONDUTORES],16) | X17: =IF(ISNUMBER(FIND(" Cu",W17)),"CU",IF(ISNUMBER(FIND(" Al",W17)),"AL",IF(ISNUMBER(FIND(" AA",W17)),"AA","OUTRO"))) | Y17: =UPPER(SUBSTITUTE(SUBSTITUTE(SUBSTITUTE(SUBSTITUTE(W17," - ","_")," ","_"),"-","_"),".",""))
A18: 16 Al_CONC_Tri | B18: 63 | C18: 2.4978 | D18: 0.85 | E18: 0.00403 | F18: 1.2821 | G18: =IF(OR(A18="13 Al - DX",A18="13 Al - TX",A18="13 Al - QX",A18="21 Al - QX",A18="53 Al - QX"),70,90) | H18: =G18-30 | I18: =IFERROR(B18/H18,0) | P18: =315 | Q18: =315 | W18: =INDEX(CABOS[CONDUTORES],17) | X18: =IF(ISNUMBER(FIND(" Cu",W18)),"CU",IF(ISNUMBER(FIND(" Al",W18)),"AL",IF(ISNUMBER(FIND(" AA",W18)),"AA","OUTRO"))) | Y18: =UPPER(SUBSTITUTE(SUBSTITUTE(SUBSTITUTE(SUBSTITUTE(W18," - ","_")," ","_"),"-","_"),".",""))
A19: 13 Al - DX | B19: 63 | C19: 2.6655 | D19: 0.1022 | E19: 0.00403 | F19: 1.2821 | G19: =IF(OR(A19="13 Al - DX",A19="13 Al - TX",A19="13 Al - QX",A19="21 Al - QX",A19="53 Al - QX"),70,90) | H19: =G19-30 | I19: =IFERROR(B19/H19,0) | J19: QT_MTTR2 | K19: =QT_MT+K17 | P19: =400 | Q19: =400 | W19: =INDEX(CABOS[CONDUTORES],18) | X19: =IF(ISNUMBER(FIND(" Cu",W19)),"CU",IF(ISNUMBER(FIND(" Al",W19)),"AL",IF(ISNUMBER(FIND(" AA",W19)),"AA","OUTRO"))) | Y19: =UPPER(SUBSTITUTE(SUBSTITUTE(SUBSTITUTE(SUBSTITUTE(W19," - ","_")," ","_"),"-","_"),".",""))
A20: 13 Al - TX | B20: 63 | C20: 2.6655 | D20: 0.1158 | E20: 0.00403 | F20: 1.2821 | G20: =IF(OR(A20="13 Al - DX",A20="13 Al - TX",A20="13 Al - QX",A20="21 Al - QX",A20="53 Al - QX"),70,90) | H20: =G20-30 | I20: =IFERROR(B20/H20,0) | P20: =500 | Q20: =500 | W20: =INDEX(CABOS[CONDUTORES],19) | X20: =IF(ISNUMBER(FIND(" Cu",W20)),"CU",IF(ISNUMBER(FIND(" Al",W20)),"AL",IF(ISNUMBER(FIND(" AA",W20)),"AA","OUTRO"))) | Y20: =UPPER(SUBSTITUTE(SUBSTITUTE(SUBSTITUTE(SUBSTITUTE(W20," - ","_")," ","_"),"-","_"),".",""))
A21: 13 Al - QX | B21: 63 | C21: 2.6655 | D21: 0.1384 | E21: 0.00403 | F21: 1.2821 | G21: =IF(OR(A21="13 Al - DX",A21="13 Al - TX",A21="13 Al - QX",A21="21 Al - QX",A21="53 Al - QX"),70,90) | H21: =G21-30 | I21: =IFERROR(B21/H21,0) | P21: =630 | Q21: =630 | W21: =INDEX(CABOS[CONDUTORES],20) | X21: =IF(ISNUMBER(FIND(" Cu",W21)),"CU",IF(ISNUMBER(FIND(" Al",W21)),"AL",IF(ISNUMBER(FIND(" AA",W21)),"AA","OUTRO"))) | Y21: =UPPER(SUBSTITUTE(SUBSTITUTE(SUBSTITUTE(SUBSTITUTE(W21," - ","_")," ","_"),"-","_"),".",""))
A22: 21 Al - QX | B22: 63 | C22: 1.677 | D22: 0.135 | E22: 0.00403 | F22: 1.2821 | G22: =IF(OR(A22="13 Al - DX",A22="13 Al - TX",A22="13 Al - QX",A22="21 Al - QX",A22="53 Al - QX"),70,90) | H22: =G22-30 | I22: =IFERROR(B22/H22,0) | J22: TR_PROJ2 | K22: ='GERAL PROJ2'!O3 | W22: =INDEX(CABOS[CONDUTORES],21) | X22: =IF(ISNUMBER(FIND(" Cu",W22)),"CU",IF(ISNUMBER(FIND(" Al",W22)),"AL",IF(ISNUMBER(FIND(" AA",W22)),"AA","OUTRO"))) | Y22: =UPPER(SUBSTITUTE(SUBSTITUTE(SUBSTITUTE(SUBSTITUTE(W22," - ","_")," ","_"),"-","_"),".",""))
A23: 53 Al - QX | B23: 63 | C23: 0.6641 | D23: 0.1311 | E23: 0.00403 | F23: 1.2821 | G23: =IF(OR(A23="13 Al - DX",A23="13 Al - TX",A23="13 Al - QX",A23="21 Al - QX",A23="53 Al - QX"),70,90) | H23: =G23-30 | I23: =IFERROR(B23/H23,0) | J23: DEM_PROJ2 | K23: =RAMAL!AE24 | W23: =INDEX(CABOS[CONDUTORES],22) | X23: =IF(ISNUMBER(FIND(" Cu",W23)),"CU",IF(ISNUMBER(FIND(" Al",W23)),"AL",IF(ISNUMBER(FIND(" AA",W23)),"AA","OUTRO"))) | Y23: =UPPER(SUBSTITUTE(SUBSTITUTE(SUBSTITUTE(SUBSTITUTE(W23," - ","_")," ","_"),"-","_"),".",""))
A24: 70 Al - MX | B24: 202 | C24: 0.5697 | D24: 0.126 | E24: 0.00403 | F24: 1.2821 | G24: =IF(OR(A24="13 Al - DX",A24="13 Al - TX",A24="13 Al - QX",A24="21 Al - QX",A24="53 Al - QX"),70,90) | H24: =G24-30 | I24: =IFERROR(B24/H24,0) | J24: QT_TR | K24: =(K23/K22)*VLOOKUP(K22,TRAFOS_Z[],2,0) | W24: =INDEX(CABOS[CONDUTORES],23) | X24: =IF(ISNUMBER(FIND(" Cu",W24)),"CU",IF(ISNUMBER(FIND(" Al",W24)),"AL",IF(ISNUMBER(FIND(" AA",W24)),"AA","OUTRO"))) | Y24: =UPPER(SUBSTITUTE(SUBSTITUTE(SUBSTITUTE(SUBSTITUTE(W24," - ","_")," ","_"),"-","_"),".",""))
A25: 185 Al - MX | B25: 355 | C25: 0.2404 | D25: 0.1178 | E25: 0.00403 | F25: 1.4368 | G25: =IF(OR(A25="13 Al - DX",A25="13 Al - TX",A25="13 Al - QX",A25="21 Al - QX",A25="53 Al - QX"),70,90) | H25: =G25-30 | I25: =IFERROR(B25/H25,0) | W25: =INDEX(CABOS[CONDUTORES],24) | X25: =IF(ISNUMBER(FIND(" Cu",W25)),"CU",IF(ISNUMBER(FIND(" Al",W25)),"AL",IF(ISNUMBER(FIND(" AA",W25)),"AA","OUTRO"))) | Y25: =UPPER(SUBSTITUTE(SUBSTITUTE(SUBSTITUTE(SUBSTITUTE(W25," - ","_")," ","_"),"-","_"),".",""))
A26: 240 Al - MX | B26: 473 | C26: 0.163 | D26: 0.0903 | E26: 0.00403 | F26: 1.2821 | G26: =IF(OR(A26="13 Al - DX",A26="13 Al - TX",A26="13 Al - QX",A26="21 Al - QX",A26="53 Al - QX"),70,90) | H26: =G26-30 | I26: =IFERROR(B26/H26,0) | J26: QT_MTTR3 | K26: =QT_MT+K24 | W26: =INDEX(CABOS[CONDUTORES],25) | X26: =IF(ISNUMBER(FIND(" Cu",W26)),"CU",IF(ISNUMBER(FIND(" Al",W26)),"AL",IF(ISNUMBER(FIND(" AA",W26)),"AA","OUTRO"))) | Y26: =UPPER(SUBSTITUTE(SUBSTITUTE(SUBSTITUTE(SUBSTITUTE(W26," - ","_")," ","_"),"-","_"),".",""))
P27: km construido | Q27: cusot final
N28: Rede Com Estrutura | O28: BT | S28: CUSTO
N29: Cabo 53 mm² CA – Nu e PVC | O29: 56371.129 | Q29: =P29*O29 | S29: =SUM(Q29:Q58)
A30: Área (m²) | B30: kVA | C30: QTD Clientes | D30: Fator por área | E30: Fator Diversificação | F30: Demanda (KVA) | N30: Cabo 201 mm² CA - Nu e PVC | O30: 110481.13 | Q30: =P30*O30
A31: 20 | B31: 1.62 | C31: 1 | D31: =RAMAL!AB35 | E31: 3.88 | F31: =D31*E31 | N31: Cabo 70 mm² CA MMX | O31: 68591.91 | Q31: =P31*O31
A32: 21 | B32: 1.62 | C32: 2 | D32: =D31 | E32: 3.88 | F32: =D32*E32 | N32: Cabo 185 mm² CA MMX | O32: 94961.91 | Q32: =P32*O32
A33: 22 | B33: 1.62 | C33: 3 | D33: =D32 | E33: 3.88 | F33: =D33*E33 | N33: Cabo 240 mm² CA MMX | O33: 110011.91 | Q33: =P33*O33
A34: 23 | B34: 1.62 | C34: 4 | D34: =D33 | E34: 3.88 | F34: =D34*E34
A35: 24 | B35: 1.62 | C35: 5 | D35: =D34 | E35: 4.84 | F35: =D35*E35 | N35: Rede Cabo Armado | Q35: =P35*O35
A36: 25 | B36: 1.62 | C36: 6 | D36: =D35 | E36: 5.8 | F36: =D36*E36 | N36: Cabo armado 3X1X50 mm²+35 mm² | O36: 102973.3 | Q36: =P36*O36
A37: 26 | B37: 1.62 | C37: 7 | D37: =D36 | E37: 6.76 | F37: =D37*E37 | N37: Cabo armado 3X1X95 mm²+50 mm² | O37: 122163.3 | Q37: =P37*O37
A38: 27 | B38: 1.62 | C38: 8 | D38: =D37 | E38: 7.72 | F38: =D38*E38 | N38: Cabo armado 3X1X240 mm²+120 mm² | O38: 163793.3 | Q38: =P38*O38
A39: 28 | B39: 1.62 | C39: 9 | D39: =D38 | E39: 8.68 | F39: =D39*E39 | O39: TRAFO
A40: 29 | B40: 1.62 | C40: 10 | D40: =D39 | E40: 9.64 | F40: =D40*E40 | N40: Trafo Aéreo 45 kVA – Trifásico – 25,6 kV – Convencional ( Unidade ) | O40: 15780.16 | Q40: =P40*O40
A41: 30 | B41: 1.62 | C41: 11 | D41: =D40 | E41: 10.42 | F41: =D41*E41 | N41: Trafo Aéreo 15 kVA – Trifásico – 13,8 kV – Convencional ( Unidade ) | O41: 6896.47 | Q41: =P41*O41
A42: 31 | B42: 1.62 | C42: 12 | D42: =D41 | E42: 11.2 | F42: =D42*E42 | N42: Trafo Aéreo 30 kVA – Trifásico – 13,8 kV – Convencional ( Unidade ) | O42: 7397.12 | Q42: =P42*O42
A43: 32 | B43: 1.62 | C43: 13 | D43: =D42 | E43: 11.98 | F43: =D43*E43 | N43: Trafo Aéreo 45 kVA – Trifásico – 13,8 kV – Convencional ( Unidade ) | O43: 9394.25 | Q43: =P43*O43
A44: 33 | B44: 1.62 | C44: 14 | D44: =D43 | E44: 12.76 | F44: =D44*E44 | N44: Trafo Aéreo 75 kVA – Trifásico – 13,8 kV – Convencional ( Unidade ) | O44: 12790.25 | Q44: =P44*O44
A45: 34 | B45: 1.62 | C45: 15 | D45: =D44 | E45: 13.54 | F45: =D45*E45 | N45: Trafo Aéreo 112,5 kVA – Trifásico – 13,8 kV – Convencional ( Unidade ) | O45: 17258.38 | Q45: =P45*O45
A46: 35 | B46: 1.62 | C46: 16 | D46: =D45 | E46: 14.32 | F46: =D46*E46 | N46: Trafo Aéreo 150 kVA – Trifásico – 13,8 kV – Convencional ( Unidade ) | O46: 21367.86 | Q46: =P46*O46
A47: 36 | B47: 1.62 | C47: 17 | D47: =D46 | E47: 15.1 | F47: =D47*E47 | N47: Trafo Aéreo 225 kVA – Trifásico – 13,8 kV – Convencional ( Unidade ) | O47: 32406.27 | Q47: =P47*O47
A48: 37 | B48: 1.62 | C48: 18 | D48: =D47 | E48: 15.88 | F48: =D48*E48 | N48: Trafo Aéreo 300 kVA – Trifásico – 13,8 kV – Convencional ( Unidade ) | O48: 39745.57 | P48: 1 | Q48: =P48*O48
A49: 38 | B49: 1.62 | C49: 19 | D49: =D48 | E49: 16.66 | F49: =D49*E49 | O49: MT
A50: 39 | B50: 1.62 | C50: 20 | D50: =D49 | E50: 17.44 | F50: =D50*E50 | N50: Rede Com Estrutura
A51: 40 | B51: 1.62 | C51: 21 | D51: =D50 | E51: 18.05 | F51: =D51*E51 | N51: Cabo 201 mm² CA Nu | O51: 129055.26 | Q51: =P51*O51
A52: 41 | B52: 1.62 | C52: 22 | D52: =D51 | E52: 18.66 | F52: =D52*E52 | N52: Cabo 95 mm² - Spacer Cable (Utilização nas ligações de GD) | O52: 138814.14 | Q52: =P52*O52
A53: 42 | B53: 1.62 | C53: 23 | D53: =D52 | E53: 19.27 | F53: =D53*E53 | N53: Cabo 201 mm² - Spacer Cable | O53: 168904.14 | Q53: =P53*O53
A54: 43 | B54: 1.64 | C54: 24 | D54: =D53 | E54: 19.88 | F54: =D54*E54 | N54: Cabo 185 mm² - PR – Blindado | O54: 317932.02 | Q54: =P54*O54
A55: 44 | B55: 1.68 | C55: 25 | D55: =D54 | E55: 20.49 | F55: =D55*E55 | Q55: =P55*O55
A56: 45 | B56: 1.72 | C56: 26 | D56: =D55 | E56: 21.1 | F56: =D56*E56 | N56: Rede Sem estrutura | Q56: =P56*O56
A57: 46 | B57: 1.75 | C57: 27 | D57: =D56 | E57: 21.71 | F57: =D57*E57 | N57: Cabo 201 mm² CA Nu | O57: 82273.6 | Q57: =P57*O57
A58: 47 | B58: 1.79 | C58: 28 | D58: =D57 | E58: 22.32 | F58: =D58*E58 | N58: Cabo 201 mm² - Spacer Cable | O58: 134083 | Q58: =P58*O58
A59: 48 | B59: 1.81 | C59: 29 | D59: =D58 | E59: 22.93 | F59: =D59*E59
A60: 49 | B60: 1.85 | C60: 30 | D60: =D59 | E60: 23.54 | F60: =D60*E60
A61: 50 | B61: 1.88 | C61: 31 | D61: =D60 | E61: 24.14 | F61: =D61*E61
A62: 51 | B62: 1.92 | C62: 32 | D62: =D61 | E62: 24.74 | F62: =D62*E62
A63: 52 | B63: 1.96 | C63: 33 | D63: =D62 | E63: 25.34 | F63: =D63*E63
A64: 53 | B64: 1.99 | C64: 34 | D64: =D63 | E64: 25.94 | F64: =D64*E64
A65: 54 | B65: 2.02 | C65: 35 | D65: =D64 | E65: 26.54 | F65: =D65*E65
A66: 55 | B66: 2.05 | C66: 36 | D66: =D65 | E66: 27.14 | F66: =D66*E66
A67: 56 | B67: 2.09 | C67: 37 | D67: =D66 | E67: 27.74 | F67: =D67*E67
A68: 57 | B68: 2.12 | C68: 38 | D68: =D67 | E68: 28.34 | F68: =D68*E68
A69: 58 | B69: 2.15 | C69: 39 | D69: =D68 | E69: 28.94 | F69: =D69*E69
A70: 59 | B70: 2.18 | C70: 40 | D70: =D69 | E70: 29.54 | F70: =D70*E70
... A330: 319 | B330: 9.9 | C330: 300 | D330: =D329 | E330: 83 | F330: =D330*E330
A331: 320 | B331: 9.94
A332: 321 | B332: 9.96
A333: 322 | B333: 9.98
A334: 323 | B334: 10.02
A335: 324 | B335: 10.04
A336: 325 | B336: 10.07
A337: 326 | B337: 10.1
A338: 327 | B338: 10.13
A339: 328 | B339: 10.15
A340: 329 | B340: 10.18
A341: 330 | B341: 10.21
A342: 331 | B342: 10.24
... A411: 400 | B411: 12.13

Sheet COORDENADAS
C2: PONTO | D2: X | E2: Y
C3: 1 | D3: 635806 | E3: 7462003 | H3: 23K 635806 7462003
C4: 2 | D4: 635842 | E4: 7466204
C5: 3 | D5: 635871 | E5: 7462013
C6: 4 | D6: 635902 | E6: 746233
C7: 5 | D7: 635921 | E7: 7462020
C8: 6 | D8: 635940 | E8: 7462012
C9: 7 | D9: 635958 | E9: 7462020
C10: 8 | D10: 635985 | E10: 7462040
C11: 9 | D11: 63613 | E11: 7462062
C12: 10 | D12: 635924 | E12: 7462060
C13: 11 | D13: 635957 | E13: 7462079
C14: 12 | D14: 635986 | E14: 7462112
C15: 13 | D15: 636017 | E15: 7462129
... C17: 15 | D17: 636075 | E17: 7462174
C18: 16
C19: 17
C20: 18
C21: 19
C22: 20
C23: 21
C24: 22
C25: 23
C26: 24
C27: 25
C28: 26
C29: 27
... C63: 60

Sheet SUGESTAO_CORTES
A1: PAINEL DE SUGESTAO DE CORTES (HEURISTICO) | K1: PARAMETROS SCORE
K2: Peso carga acumulada | L2: 0.4
A3: Arquivo analisado | D3: Cenario 2 trafos | K3: Peso QT | L3: 0.35
A4: Gerado em | D4: ESQ | E4: =SUMIFS(GERAL[TOTAL DO TRECHO],GERAL[LADO],"ESQUERDO") | F4: =IF(E4*1.15<=30,30,IF(E4*1.15<=45,45,IF(E4*1.15<=75,75,IF(E4*1.15<=112.5,112.5,IF(E4*1.15<=150,150,IF(E4*1.15<=225,225,300)))))) | G4: =IFERROR(E4/F4,0) | K4: Peso balanceamento | L4: 0.2
A5: Demanda atual (kVA) | B5: =DB!K7 | D5: DIR | E5: =SUMIFS(GERAL[TOTAL DO TRECHO],GERAL[LADO],"DIREITO") | F5: =IF(E5*1.15<=30,30,IF(E5*1.15<=45,45,IF(E5*1.15<=75,75,IF(E5*1.15<=112.5,112.5,IF(E5*1.15<=150,150,IF(E5*1.15<=225,225,300)))))) | G5: =IFERROR(E5/F5,0) | K5: Penalidade distancia | L5: 0.05
A6: Trafo atual (kVA) | B6: =DB!K6 | D6: Status | E6: =IF(AND(G4<=0.85,G5<=0.85),"OK","SPLIT_MAIOR_LADO") | K6: Penalidade saturacao | L6: 0.3
A7: Saturacao atual | B7: =IFERROR(B5/B6,0) | K7: Limite sat pos-corte | L7: 0.85
B8: =IFERROR(MINIFS(GERAL[SNAP],GERAL[LADO],"ESQUERDO"),0) | E8: =IFERROR(MINIFS(GERAL[SNAP],GERAL[LADO],"DIREITO"),0) | K8: Soma pesos (ideal 1,00) | L8: =L2+L3+L4
B9: =IFERROR(MAXIFS(GERAL[SNAP],GERAL[LADO],"ESQUERDO"),1) | E9: =IFERROR(MAXIFS(GERAL[SNAP],GERAL[LADO],"DIREITO"),1)
A10: LADO ESQUERDO - TOP CORTES
A11: TOTAL_LADO_KVA | B11: =E4 | C11: MAX_QT | D11: =IFERROR(MAX(Tabela7[QT %]),0)
A13: RANK | B13: PONTO | C13: SUB_KVA | D13: REM_KVA | E13: CAP_SUG | F13: SAT_NOVA | G13: QT_PONTO | H13: BAL | I13: DIST_NORM | J13: SCORE
A14: 1 | B14: =IF($J14="","",INDEX($M$14:$M$200,MATCH($J14,$U$14:$U$200,0))) | C14: =IF($J14="","",INDEX($N$14:$N$200,MATCH($J14,$U$14:$U$200,0))) | D14: =IF($J14="","",INDEX($O$14:$O$200,MATCH($J14,$U$14:$U$200,0))) | E14: =IF($J14="","",INDEX($P$14:$P$200,MATCH($J14,$U$14:$U$200,0))) | F14: =IF($J14="","",INDEX($Q$14:$Q$200,MATCH($J14,$U$14:$U$200,0))) | G14: =IF($J14="","",INDEX($R$14:$R$200,MATCH($J14,$U$14:$U$200,0))) | H14: =IF($J14="","",INDEX($S$14:$S$200,MATCH($J14,$U$14:$U$200,0))) | I14: =IF($J14="","",INDEX($T$14:$T$200,MATCH($J14,$U$14:$U$200,0))) | J14: =IFERROR(LARGE($U$14:$U$200,1),"") | M14: =IFERROR(INDEX(GERAL[PONTO],1),"") | N14: =IF(M14="","",IFERROR(INDEX(GERAL[ACUMULADA],1),0)) | O14: =IF(N14="","",$B$11-N14) | P14: =IF(N14="","",IF(N14*1.15<=30,30,IF(N14*1.15<=45,45,IF(N14*1.15<=75,75,IF(N14*1.15<=112.5,112.5,IF(N14*1.15<=150,150,IF(N14*1.15<=225,225,300))))))) | Q14: =IF(P14="","",IFERROR(N14/P14,0)) | R14: =IF(M14="","",IFERROR(INDEX(Tabela7[QT %],MATCH(M14,Tabela7[PONTO],0)),0)) | S14: =IF(N14="","",IFERROR(1-ABS(N14-O14)/$B$11,0)) | T14: =IF(M14="","",IF($B$9>$B$8,IFERROR((INDEX(GERAL[SNAP],1)-$B$8)/($B$9-$B$8),0),0)) | U14: =IF(OR(M14="",V14<>"ESQUERDO"),"",$L$2*IFERROR(N14/$B$11,0)+$L$3*IF($D$11>0,IFERROR(R14/$D$11,0),0)+$L$4*IFERROR(S14,0)-$L$5*IFERROR(T14,0)-$L$6*MAX(0,IFERROR(Q14,0)-$L$7)+ROW()/1000000) | V14: =IFERROR(INDEX(GERAL[LADO],1),"")
A15: 2 | B15: =IF($J15="","",INDEX($M$14:$M$200,MATCH($J15,$U$14:$U$200,0))) | C15: =IF($J15="","",INDEX($N$14:$N$200,MATCH($J15,$U$14:$U$200,0))) | D15: =IF($J15="","",INDEX($O$14:$O$200,MATCH($J15,$U$14:$U$200,0))) | E15: =IF($J15="","",INDEX($P$14:$P$200,MATCH($J15,$U$14:$U$200,0))) | F15: =IF($J15="","",INDEX($Q$14:$Q$200,MATCH($J15,$U$14:$U$200,0))) | G15: =IF($J15="","",INDEX($R$14:$R$200,MATCH($J15,$U$14:$U$200,0))) | H15: =IF($J15="","",INDEX($S$14:$S$200,MATCH($J15,$U$14:$U$200,0))) | I15: =IF($J15="","",INDEX($T$14:$T$200,MATCH($J15,$U$14:$U$200,0))) | J15: =IFERROR(LARGE($U$14:$U$200,2),"") | M15: =IFERROR(INDEX(GERAL[PONTO],2),"") | N15: =IF(M15="","",IFERROR(INDEX(GERAL[ACUMULADA],2),0)) | O15: =IF(N15="","",$B$11-N15) | P15: =IF(N15="","",IF(N15*1.15<=30,30,IF(N15*1.15<=45,45,IF(N15*1.15<=75,75,IF(N15*1.15<=112.5,112.5,IF(N15*1.15<=150,150,IF(N15*1.15<=225,225,300))))))) | Q15: =IF(P15="","",IFERROR(N15/P15,0)) | R15: =IF(M15="","",IFERROR(INDEX(Tabela7[QT %],MATCH(M15,Tabela7[PONTO],0)),0)) | S15: =IF(N15="","",IFERROR(1-ABS(N15-O15)/$B$11,0)) | T15: =IF(M15="","",IF($B$9>$B$8,IFERROR((INDEX(GERAL[SNAP],2)-$B$8)/($B$9-$B$8),0),0)) | U15: =IF(OR(M15="",V15<>"ESQUERDO"),"",$L$2*IFERROR(N15/$B$11,0)+$L$3*IF($D$11>0,IFERROR(R15/$D$11,0),0)+$L$4*IFERROR(S15,0)-$L$5*IFERROR(T15,0)-$L$6*MAX(0,IFERROR(Q15,0)-$L$7)+ROW()/1000000) | V15: =IFERROR(INDEX(GERAL[LADO],2),"")
A16: 3 | B16: =IF($J16="","",INDEX($M$14:$M$200,MATCH($J16,$U$14:$U$200,0))) | C16: =IF($J16="","",INDEX($N$14:$N$200,MATCH($J16,$U$14:$U$200,0))) | D16: =IF($J16="","",INDEX($O$14:$O$200,MATCH($J16,$U$14:$U$200,0))) | E16: =IF($J16="","",INDEX($P$14:$P$200,MATCH($J16,$U$14:$U$200,0))) | F16: =IF($J16="","",INDEX($Q$14:$Q$200,MATCH($J16,$U$14:$U$200,0))) | G16: =IF($J16="","",INDEX($R$14:$R$200,MATCH($J16,$U$14:$U$200,0))) | H16: =IF($J16="","",INDEX($S$14:$S$200,MATCH($J16,$U$14:$U$200,0))) | I16: =IF($J16="","",INDEX($T$14:$T$200,MATCH($J16,$U$14:$U$200,0))) | J16: =IFERROR(LARGE($U$14:$U$200,3),"") | M16: =IFERROR(INDEX(GERAL[PONTO],3),"") | N16: =IF(M16="","",IFERROR(INDEX(GERAL[ACUMULADA],3),0)) | O16: =IF(N16="","",$B$11-N16) | P16: =IF(N16="","",IF(N16*1.15<=30,30,IF(N16*1.15<=45,45,IF(N16*1.15<=75,75,IF(N16*1.15<=112.5,112.5,IF(N16*1.15<=150,150,IF(N16*1.15<=225,225,300))))))) | Q16: =IF(P16="","",IFERROR(N16/P16,0)) | R16: =IF(M16="","",IFERROR(INDEX(Tabela7[QT %],MATCH(M16,Tabela7[PONTO],0)),0)) | S16: =IF(N16="","",IFERROR(1-ABS(N16-O16)/$B$11,0)) | T16: =IF(M16="","",IF($B$9>$B$8,IFERROR((INDEX(GERAL[SNAP],3)-$B$8)/($B$9-$B$8),0),0)) | U16: =IF(OR(M16="",V16<>"ESQUERDO"),"",$L$2*IFERROR(N16/$B$11,0)+$L$3*IF($D$11>0,IFERROR(R16/$D$11,0),0)+$L$4*IFERROR(S16,0)-$L$5*IFERROR(T16,0)-$L$6*MAX(0,IFERROR(Q16,0)-$L$7)+ROW()/1000000) | V16: =IFERROR(INDEX(GERAL[LADO],3),"")
A17: 4 | B17: =IF($J17="","",INDEX($M$14:$M$200,MATCH($J17,$U$14:$U$200,0))) | C17: =IF($J17="","",INDEX($N$14:$N$200,MATCH($J17,$U$14:$U$200,0))) | D17: =IF($J17="","",INDEX($O$14:$O$200,MATCH($J17,$U$14:$U$200,0))) | E17: =IF($J17="","",INDEX($P$14:$P$200,MATCH($J17,$U$14:$U$200,0))) | F17: =IF($J17="","",INDEX($Q$14:$Q$200,MATCH($J17,$U$14:$U$200,0))) | G17: =IF($J17="","",INDEX($R$14:$R$200,MATCH($J17,$U$14:$U$200,0))) | H17: =IF($J17="","",INDEX($S$14:$S$200,MATCH($J17,$U$14:$U$200,0))) | I17: =IF($J17="","",INDEX($T$14:$T$200,MATCH($J17,$U$14:$U$200,0))) | J17: =IFERROR(LARGE($U$14:$U$200,4),"") | M17: =IFERROR(INDEX(GERAL[PONTO],4),"") | N17: =IF(M17="","",IFERROR(INDEX(GERAL[ACUMULADA],4),0)) | O17: =IF(N17="","",$B$11-N17) | P17: =IF(N17="","",IF(N17*1.15<=30,30,IF(N17*1.15<=45,45,IF(N17*1.15<=75,75,IF(N17*1.15<=112.5,112.5,IF(N17*1.15<=150,150,IF(N17*1.15<=225,225,300))))))) | Q17: =IF(P17="","",IFERROR(N17/P17,0)) | R17: =IF(M17="","",IFERROR(INDEX(Tabela7[QT %],MATCH(M17,Tabela7[PONTO],0)),0)) | S17: =IF(N17="","",IFERROR(1-ABS(N17-O17)/$B$11,0)) | T17: =IF(M17="","",IF($B$9>$B$8,IFERROR((INDEX(GERAL[SNAP],4)-$B$8)/($B$9-$B$8),0),0)) | U17: =IF(OR(M17="",V17<>"ESQUERDO"),"",$L$2*IFERROR(N17/$B$11,0)+$L$3*IF($D$11>0,IFERROR(R17/$D$11,0),0)+$L$4*IFERROR(S17,0)-$L$5*IFERROR(T17,0)-$L$6*MAX(0,IFERROR(Q17,0)-$L$7)+ROW()/1000000) | V17: =IFERROR(INDEX(GERAL[LADO],4),"")
A18: 5 | B18: =IF($J18="","",INDEX($M$14:$M$200,MATCH($J18,$U$14:$U$200,0))) | C18: =IF($J18="","",INDEX($N$14:$N$200,MATCH($J18,$U$14:$U$200,0))) | D18: =IF($J18="","",INDEX($O$14:$O$200,MATCH($J18,$U$14:$U$200,0))) | E18: =IF($J18="","",INDEX($P$14:$P$200,MATCH($J18,$U$14:$U$200,0))) | F18: =IF($J18="","",INDEX($Q$14:$Q$200,MATCH($J18,$U$14:$U$200,0))) | G18: =IF($J18="","",INDEX($R$14:$R$200,MATCH($J18,$U$14:$U$200,0))) | H18: =IF($J18="","",INDEX($S$14:$S$200,MATCH($J18,$U$14:$U$200,0))) | I18: =IF($J18="","",INDEX($T$14:$T$200,MATCH($J18,$U$14:$U$200,0))) | J18: =IFERROR(LARGE($U$14:$U$200,5),"") | M18: =IFERROR(INDEX(GERAL[PONTO],5),"") | N18: =IF(M18="","",IFERROR(INDEX(GERAL[ACUMULADA],5),0)) | O18: =IF(N18="","",$B$11-N18) | P18: =IF(N18="","",IF(N18*1.15<=30,30,IF(N18*1.15<=45,45,IF(N18*1.15<=75,75,IF(N18*1.15<=112.5,112.5,IF(N18*1.15<=150,150,IF(N18*1.15<=225,225,300))))))) | Q18: =IF(P18="","",IFERROR(N18/P18,0)) | R18: =IF(M18="","",IFERROR(INDEX(Tabela7[QT %],MATCH(M18,Tabela7[PONTO],0)),0)) | S18: =IF(N18="","",IFERROR(1-ABS(N18-O18)/$B$11,0)) | T18: =IF(M18="","",IF($B$9>$B$8,IFERROR((INDEX(GERAL[SNAP],5)-$B$8)/($B$9-$B$8),0),0)) | U18: =IF(OR(M18="",V18<>"ESQUERDO"),"",$L$2*IFERROR(N18/$B$11,0)+$L$3*IF($D$11>0,IFERROR(R18/$D$11,0),0)+$L$4*IFERROR(S18,0)-$L$5*IFERROR(T18,0)-$L$6*MAX(0,IFERROR(Q18,0)-$L$7)+ROW()/1000000) | V18: =IFERROR(INDEX(GERAL[LADO],5),"")
A19: 6 | B19: =IF($J19="","",INDEX($M$14:$M$200,MATCH($J19,$U$14:$U$200,0))) | C19: =IF($J19="","",INDEX($N$14:$N$200,MATCH($J19,$U$14:$U$200,0))) | D19: =IF($J19="","",INDEX($O$14:$O$200,MATCH($J19,$U$14:$U$200,0))) | E19: =IF($J19="","",INDEX($P$14:$P$200,MATCH($J19,$U$14:$U$200,0))) | F19: =IF($J19="","",INDEX($Q$14:$Q$200,MATCH($J19,$U$14:$U$200,0))) | G19: =IF($J19="","",INDEX($R$14:$R$200,MATCH($J19,$U$14:$U$200,0))) | H19: =IF($J19="","",INDEX($S$14:$S$200,MATCH($J19,$U$14:$U$200,0))) | I19: =IF($J19="","",INDEX($T$14:$T$200,MATCH($J19,$U$14:$U$200,0))) | J19: =IFERROR(LARGE($U$14:$U$200,6),"") | M19: =IFERROR(INDEX(GERAL[PONTO],6),"") | N19: =IF(M19="","",IFERROR(INDEX(GERAL[ACUMULADA],6),0)) | O19: =IF(N19="","",$B$11-N19) | P19: =IF(N19="","",IF(N19*1.15<=30,30,IF(N19*1.15<=45,45,IF(N19*1.15<=75,75,IF(N19*1.15<=112.5,112.5,IF(N19*1.15<=150,150,IF(N19*1.15<=225,225,300))))))) | Q19: =IF(P19="","",IFERROR(N19/P19,0)) | R19: =IF(M19="","",IFERROR(INDEX(Tabela7[QT %],MATCH(M19,Tabela7[PONTO],0)),0)) | S19: =IF(N19="","",IFERROR(1-ABS(N19-O19)/$B$11,0)) | T19: =IF(M19="","",IF($B$9>$B$8,IFERROR((INDEX(GERAL[SNAP],6)-$B$8)/($B$9-$B$8),0),0)) | U19: =IF(OR(M19="",V19<>"ESQUERDO"),"",$L$2*IFERROR(N19/$B$11,0)+$L$3*IF($D$11>0,IFERROR(R19/$D$11,0),0)+$L$4*IFERROR(S19,0)-$L$5*IFERROR(T19,0)-$L$6*MAX(0,IFERROR(Q19,0)-$L$7)+ROW()/1000000) | V19: =IFERROR(INDEX(GERAL[LADO],6),"")
A20: 7 | B20: =IF($J20="","",INDEX($M$14:$M$200,MATCH($J20,$U$14:$U$200,0))) | C20: =IF($J20="","",INDEX($N$14:$N$200,MATCH($J20,$U$14:$U$200,0))) | D20: =IF($J20="","",INDEX($O$14:$O$200,MATCH($J20,$U$14:$U$200,0))) | E20: =IF($J20="","",INDEX($P$14:$P$200,MATCH($J20,$U$14:$U$200,0))) | F20: =IF($J20="","",INDEX($Q$14:$Q$200,MATCH($J20,$U$14:$U$200,0))) | G20: =IF($J20="","",INDEX($R$14:$R$200,MATCH($J20,$U$14:$U$200,0))) | H20: =IF($J20="","",INDEX($S$14:$S$200,MATCH($J20,$U$14:$U$200,0))) | I20: =IF($J20="","",INDEX($T$14:$T$200,MATCH($J20,$U$14:$U$200,0))) | J20: =IFERROR(LARGE($U$14:$U$200,7),"") | M20: =IFERROR(INDEX(GERAL[PONTO],7),"") | N20: =IF(M20="","",IFERROR(INDEX(GERAL[ACUMULADA],7),0)) | O20: =IF(N20="","",$B$11-N20) | P20: =IF(N20="","",IF(N20*1.15<=30,30,IF(N20*1.15<=45,45,IF(N20*1.15<=75,75,IF(N20*1.15<=112.5,112.5,IF(N20*1.15<=150,150,IF(N20*1.15<=225,225,300))))))) | Q20: =IF(P20="","",IFERROR(N20/P20,0)) | R20: =IF(M20="","",IFERROR(INDEX(Tabela7[QT %],MATCH(M20,Tabela7[PONTO],0)),0)) | S20: =IF(N20="","",IFERROR(1-ABS(N20-O20)/$B$11,0)) | T20: =IF(M20="","",IF($B$9>$B$8,IFERROR((INDEX(GERAL[SNAP],7)-$B$8)/($B$9-$B$8),0),0)) | U20: =IF(OR(M20="",V20<>"ESQUERDO"),"",$L$2*IFERROR(N20/$B$11,0)+$L$3*IF($D$11>0,IFERROR(R20/$D$11,0),0)+$L$4*IFERROR(S20,0)-$L$5*IFERROR(T20,0)-$L$6*MAX(0,IFERROR(Q20,0)-$L$7)+ROW()/1000000) | V20: =IFERROR(INDEX(GERAL[LADO],7),"")
A21: 8 | B21: =IF($J21="","",INDEX($M$14:$M$200,MATCH($J21,$U$14:$U$200,0))) | C21: =IF($J21="","",INDEX($N$14:$N$200,MATCH($J21,$U$14:$U$200,0))) | D21: =IF($J21="","",INDEX($O$14:$O$200,MATCH($J21,$U$14:$U$200,0))) | E21: =IF($J21="","",INDEX($P$14:$P$200,MATCH($J21,$U$14:$U$200,0))) | F21: =IF($J21="","",INDEX($Q$14:$Q$200,MATCH($J21,$U$14:$U$200,0))) | G21: =IF($J21="","",INDEX($R$14:$R$200,MATCH($J21,$U$14:$U$200,0))) | H21: =IF($J21="","",INDEX($S$14:$S$200,MATCH($J21,$U$14:$U$200,0))) | I21: =IF($J21="","",INDEX($T$14:$T$200,MATCH($J21,$U$14:$U$200,0))) | J21: =IFERROR(LARGE($U$14:$U$200,8),"") | M21: =IFERROR(INDEX(GERAL[PONTO],8),"") | N21: =IF(M21="","",IFERROR(INDEX(GERAL[ACUMULADA],8),0)) | O21: =IF(N21="","",$B$11-N21) | P21: =IF(N21="","",IF(N21*1.15<=30,30,IF(N21*1.15<=45,45,IF(N21*1.15<=75,75,IF(N21*1.15<=112.5,112.5,IF(N21*1.15<=150,150,IF(N21*1.15<=225,225,300))))))) | Q21: =IF(P21="","",IFERROR(N21/P21,0)) | R21: =IF(M21="","",IFERROR(INDEX(Tabela7[QT %],MATCH(M21,Tabela7[PONTO],0)),0)) | S21: =IF(N21="","",IFERROR(1-ABS(N21-O21)/$B$11,0)) | T21: =IF(M21="","",IF($B$9>$B$8,IFERROR((INDEX(GERAL[SNAP],8)-$B$8)/($B$9-$B$8),0),0)) | U21: =IF(OR(M21="",V21<>"ESQUERDO"),"",$L$2*IFERROR(N21/$B$11,0)+$L$3*IF($D$11>0,IFERROR(R21/$D$11,0),0)+$L$4*IFERROR(S21,0)-$L$5*IFERROR(T21,0)-$L$6*MAX(0,IFERROR(Q21,0)-$L$7)+ROW()/1000000) | V21: =IFERROR(INDEX(GERAL[LADO],8),"")
A22: 9 | B22: =IF($J22="","",INDEX($M$14:$M$200,MATCH($J22,$U$14:$U$200,0))) | C22: =IF($J22="","",INDEX($N$14:$N$200,MATCH($J22,$U$14:$U$200,0))) | D22: =IF($J22="","",INDEX($O$14:$O$200,MATCH($J22,$U$14:$U$200,0))) | E22: =IF($J22="","",INDEX($P$14:$P$200,MATCH($J22,$U$14:$U$200,0))) | F22: =IF($J22="","",INDEX($Q$14:$Q$200,MATCH($J22,$U$14:$U$200,0))) | G22: =IF($J22="","",INDEX($R$14:$R$200,MATCH($J22,$U$14:$U$200,0))) | H22: =IF($J22="","",INDEX($S$14:$S$200,MATCH($J22,$U$14:$U$200,0))) | I22: =IF($J22="","",INDEX($T$14:$T$200,MATCH($J22,$U$14:$U$200,0))) | J22: =IFERROR(LARGE($U$14:$U$200,9),"") | M22: =IFERROR(INDEX(GERAL[PONTO],9),"") | N22: =IF(M22="","",IFERROR(INDEX(GERAL[ACUMULADA],9),0)) | O22: =IF(N22="","",$B$11-N22) | P22: =IF(N22="","",IF(N22*1.15<=30,30,IF(N22*1.15<=45,45,IF(N22*1.15<=75,75,IF(N22*1.15<=112.5,112.5,IF(N22*1.15<=150,150,IF(N22*1.15<=225,225,300))))))) | Q22: =IF(P22="","",IFERROR(N22/P22,0)) | R22: =IF(M22="","",IFERROR(INDEX(Tabela7[QT %],MATCH(M22,Tabela7[PONTO],0)),0)) | S22: =IF(N22="","",IFERROR(1-ABS(N22-O22)/$B$11,0)) | T22: =IF(M22="","",IF($B$9>$B$8,IFERROR((INDEX(GERAL[SNAP],9)-$B$8)/($B$9-$B$8),0),0)) | U22: =IF(OR(M22="",V22<>"ESQUERDO"),"",$L$2*IFERROR(N22/$B$11,0)+$L$3*IF($D$11>0,IFERROR(R22/$D$11,0),0)+$L$4*IFERROR(S22,0)-$L$5*IFERROR(T22,0)-$L$6*MAX(0,IFERROR(Q22,0)-$L$7)+ROW()/1000000) | V22: =IFERROR(INDEX(GERAL[LADO],9),"")
A23: 10 | B23: =IF($J23="","",INDEX($M$14:$M$200,MATCH($J23,$U$14:$U$200,0))) | C23: =IF($J23="","",INDEX($N$14:$N$200,MATCH($J23,$U$14:$U$200,0))) | D23: =IF($J23="","",INDEX($O$14:$O$200,MATCH($J23,$U$14:$U$200,0))) | E23: =IF($J23="","",INDEX($P$14:$P$200,MATCH($J23,$U$14:$U$200,0))) | F23: =IF($J23="","",INDEX($Q$14:$Q$200,MATCH($J23,$U$14:$U$200,0))) | G23: =IF($J23="","",INDEX($R$14:$R$200,MATCH($J23,$U$14:$U$200,0))) | H23: =IF($J23="","",INDEX($S$14:$S$200,MATCH($J23,$U$14:$U$200,0))) | I23: =IF($J23="","",INDEX($T$14:$T$200,MATCH($J23,$U$14:$U$200,0))) | J23: =IFERROR(LARGE($U$14:$U$200,10),"") | M23: =IFERROR(INDEX(GERAL[PONTO],10),"") | N23: =IF(M23="","",IFERROR(INDEX(GERAL[ACUMULADA],10),0)) | O23: =IF(N23="","",$B$11-N23) | P23: =IF(N23="","",IF(N23*1.15<=30,30,IF(N23*1.15<=45,45,IF(N23*1.15<=75,75,IF(N23*1.15<=112.5,112.5,IF(N23*1.15<=150,150,IF(N23*1.15<=225,225,300))))))) | Q23: =IF(P23="","",IFERROR(N23/P23,0)) | R23: =IF(M23="","",IFERROR(INDEX(Tabela7[QT %],MATCH(M23,Tabela7[PONTO],0)),0)) | S23: =IF(N23="","",IFERROR(1-ABS(N23-O23)/$B$11,0)) | T23: =IF(M23="","",IF($B$9>$B$8,IFERROR((INDEX(GERAL[SNAP],10)-$B$8)/($B$9-$B$8),0),0)) | U23: =IF(OR(M23="",V23<>"ESQUERDO"),"",$L$2*IFERROR(N23/$B$11,0)+$L$3*IF($D$11>0,IFERROR(R23/$D$11,0),0)+$L$4*IFERROR(S23,0)-$L$5*IFERROR(T23,0)-$L$6*MAX(0,IFERROR(Q23,0)-$L$7)+ROW()/1000000) | V23: =IFERROR(INDEX(GERAL[LADO],10),"")
A24: 11 | B24: =IF($J24="","",INDEX($M$14:$M$200,MATCH($J24,$U$14:$U$200,0))) | C24: =IF($J24="","",INDEX($N$14:$N$200,MATCH($J24,$U$14:$U$200,0))) | D24: =IF($J24="","",INDEX($O$14:$O$200,MATCH($J24,$U$14:$U$200,0))) | E24: =IF($J24="","",INDEX($P$14:$P$200,MATCH($J24,$U$14:$U$200,0))) | F24: =IF($J24="","",INDEX($Q$14:$Q$200,MATCH($J24,$U$14:$U$200,0))) | G24: =IF($J24="","",INDEX($R$14:$R$200,MATCH($J24,$U$14:$U$200,0))) | H24: =IF($J24="","",INDEX($S$14:$S$200,MATCH($J24,$U$14:$U$200,0))) | I24: =IF($J24="","",INDEX($T$14:$T$200,MATCH($J24,$U$14:$U$200,0))) | J24: =IFERROR(LARGE($U$14:$U$200,11),"") | M24: =IFERROR(INDEX(GERAL[PONTO],11),"") | N24: =IF(M24="","",IFERROR(INDEX(GERAL[ACUMULADA],11),0)) | O24: =IF(N24="","",$B$11-N24) | P24: =IF(N24="","",IF(N24*1.15<=30,30,IF(N24*1.15<=45,45,IF(N24*1.15<=75,75,IF(N24*1.15<=112.5,112.5,IF(N24*1.15<=150,150,IF(N24*1.15<=225,225,300))))))) | Q24: =IF(P24="","",IFERROR(N24/P24,0)) | R24: =IF(M24="","",IFERROR(INDEX(Tabela7[QT %],MATCH(M24,Tabela7[PONTO],0)),0)) | S24: =IF(N24="","",IFERROR(1-ABS(N24-O24)/$B$11,0)) | T24: =IF(M24="","",IF($B$9>$B$8,IFERROR((INDEX(GERAL[SNAP],11)-$B$8)/($B$9-$B$8),0),0)) | U24: =IF(OR(M24="",V24<>"ESQUERDO"),"",$L$2*IFERROR(N24/$B$11,0)+$L$3*IF($D$11>0,IFERROR(R24/$D$11,0),0)+$L$4*IFERROR(S24,0)-$L$5*IFERROR(T24,0)-$L$6*MAX(0,IFERROR(Q24,0)-$L$7)+ROW()/1000000) | V24: =IFERROR(INDEX(GERAL[LADO],11),"")
A25: 12 | B25: =IF($J25="","",INDEX($M$14:$M$200,MATCH($J25,$U$14:$U$200,0))) | C25: =IF($J25="","",INDEX($N$14:$N$200,MATCH($J25,$U$14:$U$200,0))) | D25: =IF($J25="","",INDEX($O$14:$O$200,MATCH($J25,$U$14:$U$200,0))) | E25: =IF($J25="","",INDEX($P$14:$P$200,MATCH($J25,$U$14:$U$200,0))) | F25: =IF($J25="","",INDEX($Q$14:$Q$200,MATCH($J25,$U$14:$U$200,0))) | G25: =IF($J25="","",INDEX($R$14:$R$200,MATCH($J25,$U$14:$U$200,0))) | H25: =IF($J25="","",INDEX($S$14:$S$200,MATCH($J25,$U$14:$U$200,0))) | I25: =IF($J25="","",INDEX($T$14:$T$200,MATCH($J25,$U$14:$U$200,0))) | J25: =IFERROR(LARGE($U$14:$U$200,12),"") | M25: =IFERROR(INDEX(GERAL[PONTO],12),"") | N25: =IF(M25="","",IFERROR(INDEX(GERAL[ACUMULADA],12),0)) | O25: =IF(N25="","",$B$11-N25) | P25: =IF(N25="","",IF(N25*1.15<=30,30,IF(N25*1.15<=45,45,IF(N25*1.15<=75,75,IF(N25*1.15<=112.5,112.5,IF(N25*1.15<=150,150,IF(N25*1.15<=225,225,300))))))) | Q25: =IF(P25="","",IFERROR(N25/P25,0)) | R25: =IF(M25="","",IFERROR(INDEX(Tabela7[QT %],MATCH(M25,Tabela7[PONTO],0)),0)) | S25: =IF(N25="","",IFERROR(1-ABS(N25-O25)/$B$11,0)) | T25: =IF(M25="","",IF($B$9>$B$8,IFERROR((INDEX(GERAL[SNAP],12)-$B$8)/($B$9-$B$8),0),0)) | U25: =IF(OR(M25="",V25<>"ESQUERDO"),"",$L$2*IFERROR(N25/$B$11,0)+$L$3*IF($D$11>0,IFERROR(R25/$D$11,0),0)+$L$4*IFERROR(S25,0)-$L$5*IFERROR(T25,0)-$L$6*MAX(0,IFERROR(Q25,0)-$L$7)+ROW()/1000000) | V25: =IFERROR(INDEX(GERAL[LADO],12),"")
M26: =IFERROR(INDEX(GERAL[PONTO],13),"") | N26: =IF(M26="","",IFERROR(INDEX(GERAL[ACUMULADA],13),0)) | O26: =IF(N26="","",$B$11-N26) | P26: =IF(N26="","",IF(N26*1.15<=30,30,IF(N26*1.15<=45,45,IF(N26*1.15<=75,75,IF(N26*1.15<=112.5,112.5,IF(N26*1.15<=150,150,IF(N26*1.15<=225,225,300))))))) | Q26: =IF(P26="","",IFERROR(N26/P26,0)) | R26: =IF(M26="","",IFERROR(INDEX(Tabela7[QT %],MATCH(M26,Tabela7[PONTO],0)),0)) | S26: =IF(N26="","",IFERROR(1-ABS(N26-O26)/$B$11,0)) | T26: =IF(M26="","",IF($B$9>$B$8,IFERROR((INDEX(GERAL[SNAP],13)-$B$8)/($B$9-$B$8),0),0)) | U26: =IF(OR(M26="",V26<>"ESQUERDO"),"",$L$2*IFERROR(N26/$B$11,0)+$L$3*IF($D$11>0,IFERROR(R26/$D$11,0),0)+$L$4*IFERROR(S26,0)-$L$5*IFERROR(T26,0)-$L$6*MAX(0,IFERROR(Q26,0)-$L$7)+ROW()/1000000) | V26: =IFERROR(INDEX(GERAL[LADO],13),"")
M27: =IFERROR(INDEX(GERAL[PONTO],14),"") | N27: =IF(M27="","",IFERROR(INDEX(GERAL[ACUMULADA],14),0)) | O27: =IF(N27="","",$B$11-N27) | P27: =IF(N27="","",IF(N27*1.15<=30,30,IF(N27*1.15<=45,45,IF(N27*1.15<=75,75,IF(N27*1.15<=112.5,112.5,IF(N27*1.15<=150,150,IF(N27*1.15<=225,225,300))))))) | Q27: =IF(P27="","",IFERROR(N27/P27,0)) | R27: =IF(M27="","",IFERROR(INDEX(Tabela7[QT %],MATCH(M27,Tabela7[PONTO],0)),0)) | S27: =IF(N27="","",IFERROR(1-ABS(N27-O27)/$B$11,0)) | T27: =IF(M27="","",IF($B$9>$B$8,IFERROR((INDEX(GERAL[SNAP],14)-$B$8)/($B$9-$B$8),0),0)) | U27: =IF(OR(M27="",V27<>"ESQUERDO"),"",$L$2*IFERROR(N27/$B$11,0)+$L$3*IF($D$11>0,IFERROR(R27/$D$11,0),0)+$L$4*IFERROR(S27,0)-$L$5*IFERROR(T27,0)-$L$6*MAX(0,IFERROR(Q27,0)-$L$7)+ROW()/1000000) | V27: =IFERROR(INDEX(GERAL[LADO],14),"")
M28: =IFERROR(INDEX(GERAL[PONTO],15),"") | N28: =IF(M28="","",IFERROR(INDEX(GERAL[ACUMULADA],15),0)) | O28: =IF(N28="","",$B$11-N28) | P28: =IF(N28="","",IF(N28*1.15<=30,30,IF(N28*1.15<=45,45,IF(N28*1.15<=75,75,IF(N28*1.15<=112.5,112.5,IF(N28*1.15<=150,150,IF(N28*1.15<=225,225,300))))))) | Q28: =IF(P28="","",IFERROR(N28/P28,0)) | R28: =IF(M28="","",IFERROR(INDEX(Tabela7[QT %],MATCH(M28,Tabela7[PONTO],0)),0)) | S28: =IF(N28="","",IFERROR(1-ABS(N28-O28)/$B$11,0)) | T28: =IF(M28="","",IF($B$9>$B$8,IFERROR((INDEX(GERAL[SNAP],15)-$B$8)/($B$9-$B$8),0),0)) | U28: =IF(OR(M28="",V28<>"ESQUERDO"),"",$L$2*IFERROR(N28/$B$11,0)+$L$3*IF($D$11>0,IFERROR(R28/$D$11,0),0)+$L$4*IFERROR(S28,0)-$L$5*IFERROR(T28,0)-$L$6*MAX(0,IFERROR(Q28,0)-$L$7)+ROW()/1000000) | V28: =IFERROR(INDEX(GERAL[LADO],15),"")
M29: =IFERROR(INDEX(GERAL[PONTO],16),"") | N29: =IF(M29="","",IFERROR(INDEX(GERAL[ACUMULADA],16),0)) | O29: =IF(N29="","",$B$11-N29) | P29: =IF(N29="","",IF(N29*1.15<=30,30,IF(N29*1.15<=45,45,IF(N29*1.15<=75,75,IF(N29*1.15<=112.5,112.5,IF(N29*1.15<=150,150,IF(N29*1.15<=225,225,300))))))) | Q29: =IF(P29="","",IFERROR(N29/P29,0)) | R29: =IF(M29="","",IFERROR(INDEX(Tabela7[QT %],MATCH(M29,Tabela7[PONTO],0)),0)) | S29: =IF(N29="","",IFERROR(1-ABS(N29-O29)/$B$11,0)) | T29: =IF(M29="","",IF($B$9>$B$8,IFERROR((INDEX(GERAL[SNAP],16)-$B$8)/($B$9-$B$8),0),0)) | U29: =IF(OR(M29="",V29<>"ESQUERDO"),"",$L$2*IFERROR(N29/$B$11,0)+$L$3*IF($D$11>0,IFERROR(R29/$D$11,0),0)+$L$4*IFERROR(S29,0)-$L$5*IFERROR(T29,0)-$L$6*MAX(0,IFERROR(Q29,0)-$L$7)+ROW()/1000000) | V29: =IFERROR(INDEX(GERAL[LADO],16),"")
A30: LADO DIREITO - TOP CORTES | M30: =IFERROR(INDEX(GERAL[PONTO],17),"") | N30: =IF(M30="","",IFERROR(INDEX(GERAL[ACUMULADA],17),0)) | O30: =IF(N30="","",$B$11-N30) | P30: =IF(N30="","",IF(N30*1.15<=30,30,IF(N30*1.15<=45,45,IF(N30*1.15<=75,75,IF(N30*1.15<=112.5,112.5,IF(N30*1.15<=150,150,IF(N30*1.15<=225,225,300))))))) | Q30: =IF(P30="","",IFERROR(N30/P30,0)) | R30: =IF(M30="","",IFERROR(INDEX(Tabela7[QT %],MATCH(M30,Tabela7[PONTO],0)),0)) | S30: =IF(N30="","",IFERROR(1-ABS(N30-O30)/$B$11,0)) | T30: =IF(M30="","",IF($B$9>$B$8,IFERROR((INDEX(GERAL[SNAP],17)-$B$8)/($B$9-$B$8),0),0)) | U30: =IF(OR(M30="",V30<>"ESQUERDO"),"",$L$2*IFERROR(N30/$B$11,0)+$L$3*IF($D$11>0,IFERROR(R30/$D$11,0),0)+$L$4*IFERROR(S30,0)-$L$5*IFERROR(T30,0)-$L$6*MAX(0,IFERROR(Q30,0)-$L$7)+ROW()/1000000) | V30: =IFERROR(INDEX(GERAL[LADO],17),"")
A31: TOTAL_LADO_KVA | B31: =E5 | C31: MAX_QT | D31: =IFERROR(MAX(DIR_ATUAL[QT %]),0) | M31: =IFERROR(INDEX(GERAL[PONTO],18),"") | N31: =IF(M31="","",IFERROR(INDEX(GERAL[ACUMULADA],18),0)) | O31: =IF(N31="","",$B$11-N31) | P31: =IF(N31="","",IF(N31*1.15<=30,30,IF(N31*1.15<=45,45,IF(N31*1.15<=75,75,IF(N31*1.15<=112.5,112.5,IF(N31*1.15<=150,150,IF(N31*1.15<=225,225,300))))))) | Q31: =IF(P31="","",IFERROR(N31/P31,0)) | R31: =IF(M31="","",IFERROR(INDEX(Tabela7[QT %],MATCH(M31,Tabela7[PONTO],0)),0)) | S31: =IF(N31="","",IFERROR(1-ABS(N31-O31)/$B$11,0)) | T31: =IF(M31="","",IF($B$9>$B$8,IFERROR((INDEX(GERAL[SNAP],18)-$B$8)/($B$9-$B$8),0),0)) | U31: =IF(OR(M31="",V31<>"ESQUERDO"),"",$L$2*IFERROR(N31/$B$11,0)+$L$3*IF($D$11>0,IFERROR(R31/$D$11,0),0)+$L$4*IFERROR(S31,0)-$L$5*IFERROR(T31,0)-$L$6*MAX(0,IFERROR(Q31,0)-$L$7)+ROW()/1000000) | V31: =IFERROR(INDEX(GERAL[LADO],18),"")
M32: =IFERROR(INDEX(GERAL[PONTO],19),"") | N32: =IF(M32="","",IFERROR(INDEX(GERAL[ACUMULADA],19),0)) | O32: =IF(N32="","",$B$11-N32) | P32: =IF(N32="","",IF(N32*1.15<=30,30,IF(N32*1.15<=45,45,IF(N32*1.15<=75,75,IF(N32*1.15<=112.5,112.5,IF(N32*1.15<=150,150,IF(N32*1.15<=225,225,300))))))) | Q32: =IF(P32="","",IFERROR(N32/P32,0)) | R32: =IF(M32="","",IFERROR(INDEX(Tabela7[QT %],MATCH(M32,Tabela7[PONTO],0)),0)) | S32: =IF(N32="","",IFERROR(1-ABS(N32-O32)/$B$11,0)) | T32: =IF(M32="","",IF($B$9>$B$8,IFERROR((INDEX(GERAL[SNAP],19)-$B$8)/($B$9-$B$8),0),0)) | U32: =IF(OR(M32="",V32<>"ESQUERDO"),"",$L$2*IFERROR(N32/$B$11,0)+$L$3*IF($D$11>0,IFERROR(R32/$D$11,0),0)+$L$4*IFERROR(S32,0)-$L$5*IFERROR(T32,0)-$L$6*MAX(0,IFERROR(Q32,0)-$L$7)+ROW()/1000000) | V32: =IFERROR(INDEX(GERAL[LADO],19),"")
A33: RANK | B33: PONTO | C33: SUB_KVA | D33: REM_KVA | E33: CAP_SUG | F33: SAT_NOVA | G33: QT_PONTO | H33: BAL | I33: DIST_NORM | J33: SCORE | M33: =IFERROR(INDEX(GERAL[PONTO],20),"") | N33: =IF(M33="","",IFERROR(INDEX(GERAL[ACUMULADA],20),0)) | O33: =IF(N33="","",$B$11-N33) | P33: =IF(N33="","",IF(N33*1.15<=30,30,IF(N33*1.15<=45,45,IF(N33*1.15<=75,75,IF(N33*1.15<=112.5,112.5,IF(N33*1.15<=150,150,IF(N33*1.15<=225,225,300))))))) | Q33: =IF(P33="","",IFERROR(N33/P33,0)) | R33: =IF(M33="","",IFERROR(INDEX(Tabela7[QT %],MATCH(M33,Tabela7[PONTO],0)),0)) | S33: =IF(N33="","",IFERROR(1-ABS(N33-O33)/$B$11,0)) | T33: =IF(M33="","",IF($B$9>$B$8,IFERROR((INDEX(GERAL[SNAP],20)-$B$8)/($B$9-$B$8),0),0)) | U33: =IF(OR(M33="",V33<>"ESQUERDO"),"",$L$2*IFERROR(N33/$B$11,0)+$L$3*IF($D$11>0,IFERROR(R33/$D$11,0),0)+$L$4*IFERROR(S33,0)-$L$5*IFERROR(T33,0)-$L$6*MAX(0,IFERROR(Q33,0)-$L$7)+ROW()/1000000) | V33: =IFERROR(INDEX(GERAL[LADO],20),"")
A34: 1 | B34: =IF($J34="","",INDEX($X$34:$X$220,MATCH($J34,$AF$34:$AF$220,0))) | C34: =IF($J34="","",INDEX($Y$34:$Y$220,MATCH($J34,$AF$34:$AF$220,0))) | D34: =IF($J34="","",INDEX($Z$34:$Z$220,MATCH($J34,$AF$34:$AF$220,0))) | E34: =IF($J34="","",INDEX($AA$34:$AA$220,MATCH($J34,$AF$34:$AF$220,0))) | F34: =IF($J34="","",INDEX($AB$34:$AB$220,MATCH($J34,$AF$34:$AF$220,0))) | G34: =IF($J34="","",INDEX($AC$34:$AC$220,MATCH($J34,$AF$34:$AF$220,0))) | H34: =IF($J34="","",INDEX($AD$34:$AD$220,MATCH($J34,$AF$34:$AF$220,0))) | I34: =IF($J34="","",INDEX($AE$34:$AE$220,MATCH($J34,$AF$34:$AF$220,0))) | J34: =IFERROR(LARGE($AF$34:$AF$220,1),"") | M34: =IFERROR(INDEX(GERAL[PONTO],21),"") | N34: =IF(M34="","",IFERROR(INDEX(GERAL[ACUMULADA],21),0)) | O34: =IF(N34="","",$B$11-N34) | P34: =IF(N34="","",IF(N34*1.15<=30,30,IF(N34*1.15<=45,45,IF(N34*1.15<=75,75,IF(N34*1.15<=112.5,112.5,IF(N34*1.15<=150,150,IF(N34*1.15<=225,225,300))))))) | Q34: =IF(P34="","",IFERROR(N34/P34,0)) | R34: =IF(M34="","",IFERROR(INDEX(Tabela7[QT %],MATCH(M34,Tabela7[PONTO],0)),0)) | S34: =IF(N34="","",IFERROR(1-ABS(N34-O34)/$B$11,0)) | T34: =IF(M34="","",IF($B$9>$B$8,IFERROR((INDEX(GERAL[SNAP],21)-$B$8)/($B$9-$B$8),0),0)) | U34: =IF(OR(M34="",V34<>"ESQUERDO"),"",$L$2*IFERROR(N34/$B$11,0)+$L$3*IF($D$11>0,IFERROR(R34/$D$11,0),0)+$L$4*IFERROR(S34,0)-$L$5*IFERROR(T34,0)-$L$6*MAX(0,IFERROR(Q34,0)-$L$7)+ROW()/1000000) | V34: =IFERROR(INDEX(GERAL[LADO],21),"") | X34: =IFERROR(INDEX(GERAL[PONTO],1),"") | Y34: =IF(X34="","",IFERROR(INDEX(GERAL[ACUMULADA],1),0)) | Z34: =IF(Y34="","",$B$31-Y34) | AA34: =IF(Y34="","",IF(Y34*1.15<=30,30,IF(Y34*1.15<=45,45,IF(Y34*1.15<=75,75,IF(Y34*1.15<=112.5,112.5,IF(Y34*1.15<=150,150,IF(Y34*1.15<=225,225,300))))))) | AB34: =IF(AA34="","",IFERROR(Y34/AA34,0)) | AC34: =IF(X34="","",IFERROR(INDEX(DIR_ATUAL[QT %],MATCH(X34,DIR_ATUAL[PONTO],0)),0)) | AD34: =IF(Y34="","",IFERROR(1-ABS(Y34-Z34)/$B$31,0)) | AE34: =IF(X34="","",IF($E$9>$E$8,IFERROR((INDEX(GERAL[SNAP],1)-$E$8)/($E$9-$E$8),0),0)) | AF34: =IF(OR(X34="",AG34<>"DIREITO"),"",$L$2*IFERROR(Y34/$B$31,0)+$L$3*IF($D$31>0,IFERROR(AC34/$D$31,0),0)+$L$4*IFERROR(AD34,0)-$L$5*IFERROR(AE34,0)-$L$6*MAX(0,IFERROR(AB34,0)-$L$7)+ROW()/1000000) | AG34: =IFERROR(INDEX(GERAL[LADO],1),"")
A35: 2 | B35: =IF($J35="","",INDEX($X$34:$X$220,MATCH($J35,$AF$34:$AF$220,0))) | C35: =IF($J35="","",INDEX($Y$34:$Y$220,MATCH($J35,$AF$34:$AF$220,0))) | D35: =IF($J35="","",INDEX($Z$34:$Z$220,MATCH($J35,$AF$34:$AF$220,0))) | E35: =IF($J35="","",INDEX($AA$34:$AA$220,MATCH($J35,$AF$34:$AF$220,0))) | F35: =IF($J35="","",INDEX($AB$34:$AB$220,MATCH($J35,$AF$34:$AF$220,0))) | G35: =IF($J35="","",INDEX($AC$34:$AC$220,MATCH($J35,$AF$34:$AF$220,0))) | H35: =IF($J35="","",INDEX($AD$34:$AD$220,MATCH($J35,$AF$34:$AF$220,0))) | I35: =IF($J35="","",INDEX($AE$34:$AE$220,MATCH($J35,$AF$34:$AF$220,0))) | J35: =IFERROR(LARGE($AF$34:$AF$220,2),"") | M35: =IFERROR(INDEX(GERAL[PONTO],22),"") | N35: =IF(M35="","",IFERROR(INDEX(GERAL[ACUMULADA],22),0)) | O35: =IF(N35="","",$B$11-N35) | P35: =IF(N35="","",IF(N35*1.15<=30,30,IF(N35*1.15<=45,45,IF(N35*1.15<=75,75,IF(N35*1.15<=112.5,112.5,IF(N35*1.15<=150,150,IF(N35*1.15<=225,225,300))))))) | Q35: =IF(P35="","",IFERROR(N35/P35,0)) | R35: =IF(M35="","",IFERROR(INDEX(Tabela7[QT %],MATCH(M35,Tabela7[PONTO],0)),0)) | S35: =IF(N35="","",IFERROR(1-ABS(N35-O35)/$B$11,0)) | T35: =IF(M35="","",IF($B$9>$B$8,IFERROR((INDEX(GERAL[SNAP],22)-$B$8)/($B$9-$B$8),0),0)) | U35: =IF(OR(M35="",V35<>"ESQUERDO"),"",$L$2*IFERROR(N35/$B$11,0)+$L$3*IF($D$11>0,IFERROR(R35/$D$11,0),0)+$L$4*IFERROR(S35,0)-$L$5*IFERROR(T35,0)-$L$6*MAX(0,IFERROR(Q35,0)-$L$7)+ROW()/1000000) | V35: =IFERROR(INDEX(GERAL[LADO],22),"") | X35: =IFERROR(INDEX(GERAL[PONTO],2),"") | Y35: =IF(X35="","",IFERROR(INDEX(GERAL[ACUMULADA],2),0)) | Z35: =IF(Y35="","",$B$31-Y35) | AA35: =IF(Y35="","",IF(Y35*1.15<=30,30,IF(Y35*1.15<=45,45,IF(Y35*1.15<=75,75,IF(Y35*1.15<=112.5,112.5,IF(Y35*1.15<=150,150,IF(Y35*1.15<=225,225,300))))))) | AB35: =IF(AA35="","",IFERROR(Y35/AA35,0)) | AC35: =IF(X35="","",IFERROR(INDEX(DIR_ATUAL[QT %],MATCH(X35,DIR_ATUAL[PONTO],0)),0)) | AD35: =IF(Y35="","",IFERROR(1-ABS(Y35-Z35)/$B$31,0)) | AE35: =IF(X35="","",IF($E$9>$E$8,IFERROR((INDEX(GERAL[SNAP],2)-$E$8)/($E$9-$E$8),0),0)) | AF35: =IF(OR(X35="",AG35<>"DIREITO"),"",$L$2*IFERROR(Y35/$B$31,0)+$L$3*IF($D$31>0,IFERROR(AC35/$D$31,0),0)+$L$4*IFERROR(AD35,0)-$L$5*IFERROR(AE35,0)-$L$6*MAX(0,IFERROR(AB35,0)-$L$7)+ROW()/1000000) | AG35: =IFERROR(INDEX(GERAL[LADO],2),"")
A36: 3 | B36: =IF($J36="","",INDEX($X$34:$X$220,MATCH($J36,$AF$34:$AF$220,0))) | C36: =IF($J36="","",INDEX($Y$34:$Y$220,MATCH($J36,$AF$34:$AF$220,0))) | D36: =IF($J36="","",INDEX($Z$34:$Z$220,MATCH($J36,$AF$34:$AF$220,0))) | E36: =IF($J36="","",INDEX($AA$34:$AA$220,MATCH($J36,$AF$34:$AF$220,0))) | F36: =IF($J36="","",INDEX($AB$34:$AB$220,MATCH($J36,$AF$34:$AF$220,0))) | G36: =IF($J36="","",INDEX($AC$34:$AC$220,MATCH($J36,$AF$34:$AF$220,0))) | H36: =IF($J36="","",INDEX($AD$34:$AD$220,MATCH($J36,$AF$34:$AF$220,0))) | I36: =IF($J36="","",INDEX($AE$34:$AE$220,MATCH($J36,$AF$34:$AF$220,0))) | J36: =IFERROR(LARGE($AF$34:$AF$220,3),"") | M36: =IFERROR(INDEX(GERAL[PONTO],23),"") | N36: =IF(M36="","",IFERROR(INDEX(GERAL[ACUMULADA],23),0)) | O36: =IF(N36="","",$B$11-N36) | P36: =IF(N36="","",IF(N36*1.15<=30,30,IF(N36*1.15<=45,45,IF(N36*1.15<=75,75,IF(N36*1.15<=112.5,112.5,IF(N36*1.15<=150,150,IF(N36*1.15<=225,225,300))))))) | Q36: =IF(P36="","",IFERROR(N36/P36,0)) | R36: =IF(M36="","",IFERROR(INDEX(Tabela7[QT %],MATCH(M36,Tabela7[PONTO],0)),0)) | S36: =IF(N36="","",IFERROR(1-ABS(N36-O36)/$B$11,0)) | T36: =IF(M36="","",IF($B$9>$B$8,IFERROR((INDEX(GERAL[SNAP],23)-$B$8)/($B$9-$B$8),0),0)) | U36: =IF(OR(M36="",V36<>"ESQUERDO"),"",$L$2*IFERROR(N36/$B$11,0)+$L$3*IF($D$11>0,IFERROR(R36/$D$11,0),0)+$L$4*IFERROR(S36,0)-$L$5*IFERROR(T36,0)-$L$6*MAX(0,IFERROR(Q36,0)-$L$7)+ROW()/1000000) | V36: =IFERROR(INDEX(GERAL[LADO],23),"") | X36: =IFERROR(INDEX(GERAL[PONTO],3),"") | Y36: =IF(X36="","",IFERROR(INDEX(GERAL[ACUMULADA],3),0)) | Z36: =IF(Y36="","",$B$31-Y36) | AA36: =IF(Y36="","",IF(Y36*1.15<=30,30,IF(Y36*1.15<=45,45,IF(Y36*1.15<=75,75,IF(Y36*1.15<=112.5,112.5,IF(Y36*1.15<=150,150,IF(Y36*1.15<=225,225,300))))))) | AB36: =IF(AA36="","",IFERROR(Y36/AA36,0)) | AC36: =IF(X36="","",IFERROR(INDEX(DIR_ATUAL[QT %],MATCH(X36,DIR_ATUAL[PONTO],0)),0)) | AD36: =IF(Y36="","",IFERROR(1-ABS(Y36-Z36)/$B$31,0)) | AE36: =IF(X36="","",IF($E$9>$E$8,IFERROR((INDEX(GERAL[SNAP],3)-$E$8)/($E$9-$E$8),0),0)) | AF36: =IF(OR(X36="",AG36<>"DIREITO"),"",$L$2*IFERROR(Y36/$B$31,0)+$L$3*IF($D$31>0,IFERROR(AC36/$D$31,0),0)+$L$4*IFERROR(AD36,0)-$L$5*IFERROR(AE36,0)-$L$6*MAX(0,IFERROR(AB36,0)-$L$7)+ROW()/1000000) | AG36: =IFERROR(INDEX(GERAL[LADO],3),"")
A37: 4 | B37: =IF($J37="","",INDEX($X$34:$X$220,MATCH($J37,$AF$34:$AF$220,0))) | C37: =IF($J37="","",INDEX($Y$34:$Y$220,MATCH($J37,$AF$34:$AF$220,0))) | D37: =IF($J37="","",INDEX($Z$34:$Z$220,MATCH($J37,$AF$34:$AF$220,0))) | E37: =IF($J37="","",INDEX($AA$34:$AA$220,MATCH($J37,$AF$34:$AF$220,0))) | F37: =IF($J37="","",INDEX($AB$34:$AB$220,MATCH($J37,$AF$34:$AF$220,0))) | G37: =IF($J37="","",INDEX($AC$34:$AC$220,MATCH($J37,$AF$34:$AF$220,0))) | H37: =IF($J37="","",INDEX($AD$34:$AD$220,MATCH($J37,$AF$34:$AF$220,0))) | I37: =IF($J37="","",INDEX($AE$34:$AE$220,MATCH($J37,$AF$34:$AF$220,0))) | J37: =IFERROR(LARGE($AF$34:$AF$220,4),"") | M37: =IFERROR(INDEX(GERAL[PONTO],24),"") | N37: =IF(M37="","",IFERROR(INDEX(GERAL[ACUMULADA],24),0)) | O37: =IF(N37="","",$B$11-N37) | P37: =IF(N37="","",IF(N37*1.15<=30,30,IF(N37*1.15<=45,45,IF(N37*1.15<=75,75,IF(N37*1.15<=112.5,112.5,IF(N37*1.15<=150,150,IF(N37*1.15<=225,225,300))))))) | Q37: =IF(P37="","",IFERROR(N37/P37,0)) | R37: =IF(M37="","",IFERROR(INDEX(Tabela7[QT %],MATCH(M37,Tabela7[PONTO],0)),0)) | S37: =IF(N37="","",IFERROR(1-ABS(N37-O37)/$B$11,0)) | T37: =IF(M37="","",IF($B$9>$B$8,IFERROR((INDEX(GERAL[SNAP],24)-$B$8)/($B$9-$B$8),0),0)) | U37: =IF(OR(M37="",V37<>"ESQUERDO"),"",$L$2*IFERROR(N37/$B$11,0)+$L$3*IF($D$11>0,IFERROR(R37/$D$11,0),0)+$L$4*IFERROR(S37,0)-$L$5*IFERROR(T37,0)-$L$6*MAX(0,IFERROR(Q37,0)-$L$7)+ROW()/1000000) | V37: =IFERROR(INDEX(GERAL[LADO],24),"") | X37: =IFERROR(INDEX(GERAL[PONTO],4),"") | Y37: =IF(X37="","",IFERROR(INDEX(GERAL[ACUMULADA],4),0)) | Z37: =IF(Y37="","",$B$31-Y37) | AA37: =IF(Y37="","",IF(Y37*1.15<=30,30,IF(Y37*1.15<=45,45,IF(Y37*1.15<=75,75,IF(Y37*1.15<=112.5,112.5,IF(Y37*1.15<=150,150,IF(Y37*1.15<=225,225,300))))))) | AB37: =IF(AA37="","",IFERROR(Y37/AA37,0)) | AC37: =IF(X37="","",IFERROR(INDEX(DIR_ATUAL[QT %],MATCH(X37,DIR_ATUAL[PONTO],0)),0)) | AD37: =IF(Y37="","",IFERROR(1-ABS(Y37-Z37)/$B$31,0)) | AE37: =IF(X37="","",IF($E$9>$E$8,IFERROR((INDEX(GERAL[SNAP],4)-$E$8)/($E$9-$E$8),0),0)) | AF37: =IF(OR(X37="",AG37<>"DIREITO"),"",$L$2*IFERROR(Y37/$B$31,0)+$L$3*IF($D$31>0,IFERROR(AC37/$D$31,0),0)+$L$4*IFERROR(AD37,0)-$L$5*IFERROR(AE37,0)-$L$6*MAX(0,IFERROR(AB37,0)-$L$7)+ROW()/1000000) | AG37: =IFERROR(INDEX(GERAL[LADO],4),"")
A38: 5 | B38: =IF($J38="","",INDEX($X$34:$X$220,MATCH($J38,$AF$34:$AF$220,0))) | C38: =IF($J38="","",INDEX($Y$34:$Y$220,MATCH($J38,$AF$34:$AF$220,0))) | D38: =IF($J38="","",INDEX($Z$34:$Z$220,MATCH($J38,$AF$34:$AF$220,0))) | E38: =IF($J38="","",INDEX($AA$34:$AA$220,MATCH($J38,$AF$34:$AF$220,0))) | F38: =IF($J38="","",INDEX($AB$34:$AB$220,MATCH($J38,$AF$34:$AF$220,0))) | G38: =IF($J38="","",INDEX($AC$34:$AC$220,MATCH($J38,$AF$34:$AF$220,0))) | H38: =IF($J38="","",INDEX($AD$34:$AD$220,MATCH($J38,$AF$34:$AF$220,0))) | I38: =IF($J38="","",INDEX($AE$34:$AE$220,MATCH($J38,$AF$34:$AF$220,0))) | J38: =IFERROR(LARGE($AF$34:$AF$220,5),"") | M38: =IFERROR(INDEX(GERAL[PONTO],25),"") | N38: =IF(M38="","",IFERROR(INDEX(GERAL[ACUMULADA],25),0)) | O38: =IF(N38="","",$B$11-N38) | P38: =IF(N38="","",IF(N38*1.15<=30,30,IF(N38*1.15<=45,45,IF(N38*1.15<=75,75,IF(N38*1.15<=112.5,112.5,IF(N38*1.15<=150,150,IF(N38*1.15<=225,225,300))))))) | Q38: =IF(P38="","",IFERROR(N38/P38,0)) | R38: =IF(M38="","",IFERROR(INDEX(Tabela7[QT %],MATCH(M38,Tabela7[PONTO],0)),0)) | S38: =IF(N38="","",IFERROR(1-ABS(N38-O38)/$B$11,0)) | T38: =IF(M38="","",IF($B$9>$B$8,IFERROR((INDEX(GERAL[SNAP],25)-$B$8)/($B$9-$B$8),0),0)) | U38: =IF(OR(M38="",V38<>"ESQUERDO"),"",$L$2*IFERROR(N38/$B$11,0)+$L$3*IF($D$11>0,IFERROR(R38/$D$11,0),0)+$L$4*IFERROR(S38,0)-$L$5*IFERROR(T38,0)-$L$6*MAX(0,IFERROR(Q38,0)-$L$7)+ROW()/1000000) | V38: =IFERROR(INDEX(GERAL[LADO],25),"") | X38: =IFERROR(INDEX(GERAL[PONTO],5),"") | Y38: =IF(X38="","",IFERROR(INDEX(GERAL[ACUMULADA],5),0)) | Z38: =IF(Y38="","",$B$31-Y38) | AA38: =IF(Y38="","",IF(Y38*1.15<=30,30,IF(Y38*1.15<=45,45,IF(Y38*1.15<=75,75,IF(Y38*1.15<=112.5,112.5,IF(Y38*1.15<=150,150,IF(Y38*1.15<=225,225,300))))))) | AB38: =IF(AA38="","",IFERROR(Y38/AA38,0)) | AC38: =IF(X38="","",IFERROR(INDEX(DIR_ATUAL[QT %],MATCH(X38,DIR_ATUAL[PONTO],0)),0)) | AD38: =IF(Y38="","",IFERROR(1-ABS(Y38-Z38)/$B$31,0)) | AE38: =IF(X38="","",IF($E$9>$E$8,IFERROR((INDEX(GERAL[SNAP],5)-$E$8)/($E$9-$E$8),0),0)) | AF38: =IF(OR(X38="",AG38<>"DIREITO"),"",$L$2*IFERROR(Y38/$B$31,0)+$L$3*IF($D$31>0,IFERROR(AC38/$D$31,0),0)+$L$4*IFERROR(AD38,0)-$L$5*IFERROR(AE38,0)-$L$6*MAX(0,IFERROR(AB38,0)-$L$7)+ROW()/1000000) | AG38: =IFERROR(INDEX(GERAL[LADO],5),"")
A39: 6 | B39: =IF($J39="","",INDEX($X$34:$X$220,MATCH($J39,$AF$34:$AF$220,0))) | C39: =IF($J39="","",INDEX($Y$34:$Y$220,MATCH($J39,$AF$34:$AF$220,0))) | D39: =IF($J39="","",INDEX($Z$34:$Z$220,MATCH($J39,$AF$34:$AF$220,0))) | E39: =IF($J39="","",INDEX($AA$34:$AA$220,MATCH($J39,$AF$34:$AF$220,0))) | F39: =IF($J39="","",INDEX($AB$34:$AB$220,MATCH($J39,$AF$34:$AF$220,0))) | G39: =IF($J39="","",INDEX($AC$34:$AC$220,MATCH($J39,$AF$34:$AF$220,0))) | H39: =IF($J39="","",INDEX($AD$34:$AD$220,MATCH($J39,$AF$34:$AF$220,0))) | I39: =IF($J39="","",INDEX($AE$34:$AE$220,MATCH($J39,$AF$34:$AF$220,0))) | J39: =IFERROR(LARGE($AF$34:$AF$220,6),"") | M39: =IFERROR(INDEX(GERAL[PONTO],26),"") | N39: =IF(M39="","",IFERROR(INDEX(GERAL[ACUMULADA],26),0)) | O39: =IF(N39="","",$B$11-N39) | P39: =IF(N39="","",IF(N39*1.15<=30,30,IF(N39*1.15<=45,45,IF(N39*1.15<=75,75,IF(N39*1.15<=112.5,112.5,IF(N39*1.15<=150,150,IF(N39*1.15<=225,225,300))))))) | Q39: =IF(P39="","",IFERROR(N39/P39,0)) | R39: =IF(M39="","",IFERROR(INDEX(Tabela7[QT %],MATCH(M39,Tabela7[PONTO],0)),0)) | S39: =IF(N39="","",IFERROR(1-ABS(N39-O39)/$B$11,0)) | T39: =IF(M39="","",IF($B$9>$B$8,IFERROR((INDEX(GERAL[SNAP],26)-$B$8)/($B$9-$B$8),0),0)) | U39: =IF(OR(M39="",V39<>"ESQUERDO"),"",$L$2*IFERROR(N39/$B$11,0)+$L$3*IF($D$11>0,IFERROR(R39/$D$11,0),0)+$L$4*IFERROR(S39,0)-$L$5*IFERROR(T39,0)-$L$6*MAX(0,IFERROR(Q39,0)-$L$7)+ROW()/1000000) | V39: =IFERROR(INDEX(GERAL[LADO],26),"") | X39: =IFERROR(INDEX(GERAL[PONTO],6),"") | Y39: =IF(X39="","",IFERROR(INDEX(GERAL[ACUMULADA],6),0)) | Z39: =IF(Y39="","",$B$31-Y39) | AA39: =IF(Y39="","",IF(Y39*1.15<=30,30,IF(Y39*1.15<=45,45,IF(Y39*1.15<=75,75,IF(Y39*1.15<=112.5,112.5,IF(Y39*1.15<=150,150,IF(Y39*1.15<=225,225,300))))))) | AB39: =IF(AA39="","",IFERROR(Y39/AA39,0)) | AC39: =IF(X39="","",IFERROR(INDEX(DIR_ATUAL[QT %],MATCH(X39,DIR_ATUAL[PONTO],0)),0)) | AD39: =IF(Y39="","",IFERROR(1-ABS(Y39-Z39)/$B$31,0)) | AE39: =IF(X39="","",IF($E$9>$E$8,IFERROR((INDEX(GERAL[SNAP],6)-$E$8)/($E$9-$E$8),0),0)) | AF39: =IF(OR(X39="",AG39<>"DIREITO"),"",$L$2*IFERROR(Y39/$B$31,0)+$L$3*IF($D$31>0,IFERROR(AC39/$D$31,0),0)+$L$4*IFERROR(AD39,0)-$L$5*IFERROR(AE39,0)-$L$6*MAX(0,IFERROR(AB39,0)-$L$7)+ROW()/1000000) | AG39: =IFERROR(INDEX(GERAL[LADO],6),"")
A40: 7 | B40: =IF($J40="","",INDEX($X$34:$X$220,MATCH($J40,$AF$34:$AF$220,0))) | C40: =IF($J40="","",INDEX($Y$34:$Y$220,MATCH($J40,$AF$34:$AF$220,0))) | D40: =IF($J40="","",INDEX($Z$34:$Z$220,MATCH($J40,$AF$34:$AF$220,0))) | E40: =IF($J40="","",INDEX($AA$34:$AA$220,MATCH($J40,$AF$34:$AF$220,0))) | F40: =IF($J40="","",INDEX($AB$34:$AB$220,MATCH($J40,$AF$34:$AF$220,0))) | G40: =IF($J40="","",INDEX($AC$34:$AC$220,MATCH($J40,$AF$34:$AF$220,0))) | H40: =IF($J40="","",INDEX($AD$34:$AD$220,MATCH($J40,$AF$34:$AF$220,0))) | I40: =IF($J40="","",INDEX($AE$34:$AE$220,MATCH($J40,$AF$34:$AF$220,0))) | J40: =IFERROR(LARGE($AF$34:$AF$220,7),"") | M40: =IFERROR(INDEX(GERAL[PONTO],27),"") | N40: =IF(M40="","",IFERROR(INDEX(GERAL[ACUMULADA],27),0)) | O40: =IF(N40="","",$B$11-N40) | P40: =IF(N40="","",IF(N40*1.15<=30,30,IF(N40*1.15<=45,45,IF(N40*1.15<=75,75,IF(N40*1.15<=112.5,112.5,IF(N40*1.15<=150,150,IF(N40*1.15<=225,225,300))))))) | Q40: =IF(P40="","",IFERROR(N40/P40,0)) | R40: =IF(M40="","",IFERROR(INDEX(Tabela7[QT %],MATCH(M40,Tabela7[PONTO],0)),0)) | S40: =IF(N40="","",IFERROR(1-ABS(N40-O40)/$B$11,0)) | T40: =IF(M40="","",IF($B$9>$B$8,IFERROR((INDEX(GERAL[SNAP],27)-$B$8)/($B$9-$B$8),0),0)) | U40: =IF(OR(M40="",V40<>"ESQUERDO"),"",$L$2*IFERROR(N40/$B$11,0)+$L$3*IF($D$11>0,IFERROR(R40/$D$11,0),0)+$L$4*IFERROR(S40,0)-$L$5*IFERROR(T40,0)-$L$6*MAX(0,IFERROR(Q40,0)-$L$7)+ROW()/1000000) | V40: =IFERROR(INDEX(GERAL[LADO],27),"") | X40: =IFERROR(INDEX(GERAL[PONTO],7),"") | Y40: =IF(X40="","",IFERROR(INDEX(GERAL[ACUMULADA],7),0)) | Z40: =IF(Y40="","",$B$31-Y40) | AA40: =IF(Y40="","",IF(Y40*1.15<=30,30,IF(Y40*1.15<=45,45,IF(Y40*1.15<=75,75,IF(Y40*1.15<=112.5,112.5,IF(Y40*1.15<=150,150,IF(Y40*1.15<=225,225,300))))))) | AB40: =IF(AA40="","",IFERROR(Y40/AA40,0)) | AC40: =IF(X40="","",IFERROR(INDEX(DIR_ATUAL[QT %],MATCH(X40,DIR_ATUAL[PONTO],0)),0)) | AD40: =IF(Y40="","",IFERROR(1-ABS(Y40-Z40)/$B$31,0)) | AE40: =IF(X40="","",IF($E$9>$E$8,IFERROR((INDEX(GERAL[SNAP],7)-$E$8)/($E$9-$E$8),0),0)) | AF40: =IF(OR(X40="",AG40<>"DIREITO"),"",$L$2*IFERROR(Y40/$B$31,0)+$L$3*IF($D$31>0,IFERROR(AC40/$D$31,0),0)+$L$4*IFERROR(AD40,0)-$L$5*IFERROR(AE40,0)-$L$6*MAX(0,IFERROR(AB40,0)-$L$7)+ROW()/1000000) | AG40: =IFERROR(INDEX(GERAL[LADO],7),"")
A41: 8 | B41: =IF($J41="","",INDEX($X$34:$X$220,MATCH($J41,$AF$34:$AF$220,0))) | C41: =IF($J41="","",INDEX($Y$34:$Y$220,MATCH($J41,$AF$34:$AF$220,0))) | D41: =IF($J41="","",INDEX($Z$34:$Z$220,MATCH($J41,$AF$34:$AF$220,0))) | E41: =IF($J41="","",INDEX($AA$34:$AA$220,MATCH($J41,$AF$34:$AF$220,0))) | F41: =IF($J41="","",INDEX($AB$34:$AB$220,MATCH($J41,$AF$34:$AF$220,0))) | G41: =IF($J41="","",INDEX($AC$34:$AC$220,MATCH($J41,$AF$34:$AF$220,0))) | H41: =IF($J41="","",INDEX($AD$34:$AD$220,MATCH($J41,$AF$34:$AF$220,0))) | I41: =IF($J41="","",INDEX($AE$34:$AE$220,MATCH($J41,$AF$34:$AF$220,0))) | J41: =IFERROR(LARGE($AF$34:$AF$220,8),"") | M41: =IFERROR(INDEX(GERAL[PONTO],28),"") | N41: =IF(M41="","",IFERROR(INDEX(GERAL[ACUMULADA],28),0)) | O41: =IF(N41="","",$B$11-N41) | P41: =IF(N41="","",IF(N41*1.15<=30,30,IF(N41*1.15<=45,45,IF(N41*1.15<=75,75,IF(N41*1.15<=112.5,112.5,IF(N41*1.15<=150,150,IF(N41*1.15<=225,225,300))))))) | Q41: =IF(P41="","",IFERROR(N41/P41,0)) | R41: =IF(M41="","",IFERROR(INDEX(Tabela7[QT %],MATCH(M41,Tabela7[PONTO],0)),0)) | S41: =IF(N41="","",IFERROR(1-ABS(N41-O41)/$B$11,0)) | T41: =IF(M41="","",IF($B$9>$B$8,IFERROR((INDEX(GERAL[SNAP],28)-$B$8)/($B$9-$B$8),0),0)) | U41: =IF(OR(M41="",V41<>"ESQUERDO"),"",$L$2*IFERROR(N41/$B$11,0)+$L$3*IF($D$11>0,IFERROR(R41/$D$11,0),0)+$L$4*IFERROR(S41,0)-$L$5*IFERROR(T41,0)-$L$6*MAX(0,IFERROR(Q41,0)-$L$7)+ROW()/1000000) | V41: =IFERROR(INDEX(GERAL[LADO],28),"") | X41: =IFERROR(INDEX(GERAL[PONTO],8),"") | Y41: =IF(X41="","",IFERROR(INDEX(GERAL[ACUMULADA],8),0)) | Z41: =IF(Y41="","",$B$31-Y41) | AA41: =IF(Y41="","",IF(Y41*1.15<=30,30,IF(Y41*1.15<=45,45,IF(Y41*1.15<=75,75,IF(Y41*1.15<=112.5,112.5,IF(Y41*1.15<=150,150,IF(Y41*1.15<=225,225,300))))))) | AB41: =IF(AA41="","",IFERROR(Y41/AA41,0)) | AC41: =IF(X41="","",IFERROR(INDEX(DIR_ATUAL[QT %],MATCH(X41,DIR_ATUAL[PONTO],0)),0)) | AD41: =IF(Y41="","",IFERROR(1-ABS(Y41-Z41)/$B$31,0)) | AE41: =IF(X41="","",IF($E$9>$E$8,IFERROR((INDEX(GERAL[SNAP],8)-$E$8)/($E$9-$E$8),0),0)) | AF41: =IF(OR(X41="",AG41<>"DIREITO"),"",$L$2*IFERROR(Y41/$B$31,0)+$L$3*IF($D$31>0,IFERROR(AC41/$D$31,0),0)+$L$4*IFERROR(AD41,0)-$L$5*IFERROR(AE41,0)-$L$6*MAX(0,IFERROR(AB41,0)-$L$7)+ROW()/1000000) | AG41: =IFERROR(INDEX(GERAL[LADO],8),"")
A42: 9 | B42: =IF($J42="","",INDEX($X$34:$X$220,MATCH($J42,$AF$34:$AF$220,0))) | C42: =IF($J42="","",INDEX($Y$34:$Y$220,MATCH($J42,$AF$34:$AF$220,0))) | D42: =IF($J42="","",INDEX($Z$34:$Z$220,MATCH($J42,$AF$34:$AF$220,0))) | E42: =IF($J42="","",INDEX($AA$34:$AA$220,MATCH($J42,$AF$34:$AF$220,0))) | F42: =IF($J42="","",INDEX($AB$34:$AB$220,MATCH($J42,$AF$34:$AF$220,0))) | G42: =IF($J42="","",INDEX($AC$34:$AC$220,MATCH($J42,$AF$34:$AF$220,0))) | H42: =IF($J42="","",INDEX($AD$34:$AD$220,MATCH($J42,$AF$34:$AF$220,0))) | I42: =IF($J42="","",INDEX($AE$34:$AE$220,MATCH($J42,$AF$34:$AF$220,0))) | J42: =IFERROR(LARGE($AF$34:$AF$220,9),"") | M42: =IFERROR(INDEX(GERAL[PONTO],29),"") | N42: =IF(M42="","",IFERROR(INDEX(GERAL[ACUMULADA],29),0)) | O42: =IF(N42="","",$B$11-N42) | P42: =IF(N42="","",IF(N42*1.15<=30,30,IF(N42*1.15<=45,45,IF(N42*1.15<=75,75,IF(N42*1.15<=112.5,112.5,IF(N42*1.15<=150,150,IF(N42*1.15<=225,225,300))))))) | Q42: =IF(P42="","",IFERROR(N42/P42,0)) | R42: =IF(M42="","",IFERROR(INDEX(Tabela7[QT %],MATCH(M42,Tabela7[PONTO],0)),0)) | S42: =IF(N42="","",IFERROR(1-ABS(N42-O42)/$B$11,0)) | T42: =IF(M42="","",IF($B$9>$B$8,IFERROR((INDEX(GERAL[SNAP],29)-$B$8)/($B$9-$B$8),0),0)) | U42: =IF(OR(M42="",V42<>"ESQUERDO"),"",$L$2*IFERROR(N42/$B$11,0)+$L$3*IF($D$11>0,IFERROR(R42/$D$11,0),0)+$L$4*IFERROR(S42,0)-$L$5*IFERROR(T42,0)-$L$6*MAX(0,IFERROR(Q42,0)-$L$7)+ROW()/1000000) | V42: =IFERROR(INDEX(GERAL[LADO],29),"") | X42: =IFERROR(INDEX(GERAL[PONTO],9),"") | Y42: =IF(X42="","",IFERROR(INDEX(GERAL[ACUMULADA],9),0)) | Z42: =IF(Y42="","",$B$31-Y42) | AA42: =IF(Y42="","",IF(Y42*1.15<=30,30,IF(Y42*1.15<=45,45,IF(Y42*1.15<=75,75,IF(Y42*1.15<=112.5,112.5,IF(Y42*1.15<=150,150,IF(Y42*1.15<=225,225,300))))))) | AB42: =IF(AA42="","",IFERROR(Y42/AA42,0)) | AC42: =IF(X42="","",IFERROR(INDEX(DIR_ATUAL[QT %],MATCH(X42,DIR_ATUAL[PONTO],0)),0)) | AD42: =IF(Y42="","",IFERROR(1-ABS(Y42-Z42)/$B$31,0)) | AE42: =IF(X42="","",IF($E$9>$E$8,IFERROR((INDEX(GERAL[SNAP],9)-$E$8)/($E$9-$E$8),0),0)) | AF42: =IF(OR(X42="",AG42<>"DIREITO"),"",$L$2*IFERROR(Y42/$B$31,0)+$L$3*IF($D$31>0,IFERROR(AC42/$D$31,0),0)+$L$4*IFERROR(AD42,0)-$L$5*IFERROR(AE42,0)-$L$6*MAX(0,IFERROR(AB42,0)-$L$7)+ROW()/1000000) | AG42: =IFERROR(INDEX(GERAL[LADO],9),"")
A43: 10 | B43: =IF($J43="","",INDEX($X$34:$X$220,MATCH($J43,$AF$34:$AF$220,0))) | C43: =IF($J43="","",INDEX($Y$34:$Y$220,MATCH($J43,$AF$34:$AF$220,0))) | D43: =IF($J43="","",INDEX($Z$34:$Z$220,MATCH($J43,$AF$34:$AF$220,0))) | E43: =IF($J43="","",INDEX($AA$34:$AA$220,MATCH($J43,$AF$34:$AF$220,0))) | F43: =IF($J43="","",INDEX($AB$34:$AB$220,MATCH($J43,$AF$34:$AF$220,0))) | G43: =IF($J43="","",INDEX($AC$34:$AC$220,MATCH($J43,$AF$34:$AF$220,0))) | H43: =IF($J43="","",INDEX($AD$34:$AD$220,MATCH($J43,$AF$34:$AF$220,0))) | I43: =IF($J43="","",INDEX($AE$34:$AE$220,MATCH($J43,$AF$34:$AF$220,0))) | J43: =IFERROR(LARGE($AF$34:$AF$220,10),"") | M43: =IFERROR(INDEX(GERAL[PONTO],30),"") | N43: =IF(M43="","",IFERROR(INDEX(GERAL[ACUMULADA],30),0)) | O43: =IF(N43="","",$B$11-N43) | P43: =IF(N43="","",IF(N43*1.15<=30,30,IF(N43*1.15<=45,45,IF(N43*1.15<=75,75,IF(N43*1.15<=112.5,112.5,IF(N43*1.15<=150,150,IF(N43*1.15<=225,225,300))))))) | Q43: =IF(P43="","",IFERROR(N43/P43,0)) | R43: =IF(M43="","",IFERROR(INDEX(Tabela7[QT %],MATCH(M43,Tabela7[PONTO],0)),0)) | S43: =IF(N43="","",IFERROR(1-ABS(N43-O43)/$B$11,0)) | T43: =IF(M43="","",IF($B$9>$B$8,IFERROR((INDEX(GERAL[SNAP],30)-$B$8)/($B$9-$B$8),0),0)) | U43: =IF(OR(M43="",V43<>"ESQUERDO"),"",$L$2*IFERROR(N43/$B$11,0)+$L$3*IF($D$11>0,IFERROR(R43/$D$11,0),0)+$L$4*IFERROR(S43,0)-$L$5*IFERROR(T43,0)-$L$6*MAX(0,IFERROR(Q43,0)-$L$7)+ROW()/1000000) | V43: =IFERROR(INDEX(GERAL[LADO],30),"") | X43: =IFERROR(INDEX(GERAL[PONTO],10),"") | Y43: =IF(X43="","",IFERROR(INDEX(GERAL[ACUMULADA],10),0)) | Z43: =IF(Y43="","",$B$31-Y43) | AA43: =IF(Y43="","",IF(Y43*1.15<=30,30,IF(Y43*1.15<=45,45,IF(Y43*1.15<=75,75,IF(Y43*1.15<=112.5,112.5,IF(Y43*1.15<=150,150,IF(Y43*1.15<=225,225,300))))))) | AB43: =IF(AA43="","",IFERROR(Y43/AA43,0)) | AC43: =IF(X43="","",IFERROR(INDEX(DIR_ATUAL[QT %],MATCH(X43,DIR_ATUAL[PONTO],0)),0)) | AD43: =IF(Y43="","",IFERROR(1-ABS(Y43-Z43)/$B$31,0)) | AE43: =IF(X43="","",IF($E$9>$E$8,IFERROR((INDEX(GERAL[SNAP],10)-$E$8)/($E$9-$E$8),0),0)) | AF43: =IF(OR(X43="",AG43<>"DIREITO"),"",$L$2*IFERROR(Y43/$B$31,0)+$L$3*IF($D$31>0,IFERROR(AC43/$D$31,0),0)+$L$4*IFERROR(AD43,0)-$L$5*IFERROR(AE43,0)-$L$6*MAX(0,IFERROR(AB43,0)-$L$7)+ROW()/1000000) | AG43: =IFERROR(INDEX(GERAL[LADO],10),"")
A44: 11 | B44: =IF($J44="","",INDEX($X$34:$X$220,MATCH($J44,$AF$34:$AF$220,0))) | C44: =IF($J44="","",INDEX($Y$34:$Y$220,MATCH($J44,$AF$34:$AF$220,0))) | D44: =IF($J44="","",INDEX($Z$34:$Z$220,MATCH($J44,$AF$34:$AF$220,0))) | E44: =IF($J44="","",INDEX($AA$34:$AA$220,MATCH($J44,$AF$34:$AF$220,0))) | F44: =IF($J44="","",INDEX($AB$34:$AB$220,MATCH($J44,$AF$34:$AF$220,0))) | G44: =IF($J44="","",INDEX($AC$34:$AC$220,MATCH($J44,$AF$34:$AF$220,0))) | H44: =IF($J44="","",INDEX($AD$34:$AD$220,MATCH($J44,$AF$34:$AF$220,0))) | I44: =IF($J44="","",INDEX($AE$34:$AE$220,MATCH($J44,$AF$34:$AF$220,0))) | J44: =IFERROR(LARGE($AF$34:$AF$220,11),"") | M44: =IFERROR(INDEX(GERAL[PONTO],31),"") | N44: =IF(M44="","",IFERROR(INDEX(GERAL[ACUMULADA],31),0)) | O44: =IF(N44="","",$B$11-N44) | P44: =IF(N44="","",IF(N44*1.15<=30,30,IF(N44*1.15<=45,45,IF(N44*1.15<=75,75,IF(N44*1.15<=112.5,112.5,IF(N44*1.15<=150,150,IF(N44*1.15<=225,225,300))))))) | Q44: =IF(P44="","",IFERROR(N44/P44,0)) | R44: =IF(M44="","",IFERROR(INDEX(Tabela7[QT %],MATCH(M44,Tabela7[PONTO],0)),0)) | S44: =IF(N44="","",IFERROR(1-ABS(N44-O44)/$B$11,0)) | T44: =IF(M44="","",IF($B$9>$B$8,IFERROR((INDEX(GERAL[SNAP],31)-$B$8)/($B$9-$B$8),0),0)) | U44: =IF(OR(M44="",V44<>"ESQUERDO"),"",$L$2*IFERROR(N44/$B$11,0)+$L$3*IF($D$11>0,IFERROR(R44/$D$11,0),0)+$L$4*IFERROR(S44,0)-$L$5*IFERROR(T44,0)-$L$6*MAX(0,IFERROR(Q44,0)-$L$7)+ROW()/1000000) | V44: =IFERROR(INDEX(GERAL[LADO],31),"") | X44: =IFERROR(INDEX(GERAL[PONTO],11),"") | Y44: =IF(X44="","",IFERROR(INDEX(GERAL[ACUMULADA],11),0)) | Z44: =IF(Y44="","",$B$31-Y44) | AA44: =IF(Y44="","",IF(Y44*1.15<=30,30,IF(Y44*1.15<=45,45,IF(Y44*1.15<=75,75,IF(Y44*1.15<=112.5,112.5,IF(Y44*1.15<=150,150,IF(Y44*1.15<=225,225,300))))))) | AB44: =IF(AA44="","",IFERROR(Y44/AA44,0)) | AC44: =IF(X44="","",IFERROR(INDEX(DIR_ATUAL[QT %],MATCH(X44,DIR_ATUAL[PONTO],0)),0)) | AD44: =IF(Y44="","",IFERROR(1-ABS(Y44-Z44)/$B$31,0)) | AE44: =IF(X44="","",IF($E$9>$E$8,IFERROR((INDEX(GERAL[SNAP],11)-$E$8)/($E$9-$E$8),0),0)) | AF44: =IF(OR(X44="",AG44<>"DIREITO"),"",$L$2*IFERROR(Y44/$B$31,0)+$L$3*IF($D$31>0,IFERROR(AC44/$D$31,0),0)+$L$4*IFERROR(AD44,0)-$L$5*IFERROR(AE44,0)-$L$6*MAX(0,IFERROR(AB44,0)-$L$7)+ROW()/1000000) | AG44: =IFERROR(INDEX(GERAL[LADO],11),"")
A45: 12 | B45: =IF($J45="","",INDEX($X$34:$X$220,MATCH($J45,$AF$34:$AF$220,0))) | C45: =IF($J45="","",INDEX($Y$34:$Y$220,MATCH($J45,$AF$34:$AF$220,0))) | D45: =IF($J45="","",INDEX($Z$34:$Z$220,MATCH($J45,$AF$34:$AF$220,0))) | E45: =IF($J45="","",INDEX($AA$34:$AA$220,MATCH($J45,$AF$34:$AF$220,0))) | F45: =IF($J45="","",INDEX($AB$34:$AB$220,MATCH($J45,$AF$34:$AF$220,0))) | G45: =IF($J45="","",INDEX($AC$34:$AC$220,MATCH($J45,$AF$34:$AF$220,0))) | H45: =IF($J45="","",INDEX($AD$34:$AD$220,MATCH($J45,$AF$34:$AF$220,0))) | I45: =IF($J45="","",INDEX($AE$34:$AE$220,MATCH($J45,$AF$34:$AF$220,0))) | J45: =IFERROR(LARGE($AF$34:$AF$220,12),"") | M45: =IFERROR(INDEX(GERAL[PONTO],32),"") | N45: =IF(M45="","",IFERROR(INDEX(GERAL[ACUMULADA],32),0)) | O45: =IF(N45="","",$B$11-N45) | P45: =IF(N45="","",IF(N45*1.15<=30,30,IF(N45*1.15<=45,45,IF(N45*1.15<=75,75,IF(N45*1.15<=112.5,112.5,IF(N45*1.15<=150,150,IF(N45*1.15<=225,225,300))))))) | Q45: =IF(P45="","",IFERROR(N45/P45,0)) | R45: =IF(M45="","",IFERROR(INDEX(Tabela7[QT %],MATCH(M45,Tabela7[PONTO],0)),0)) | S45: =IF(N45="","",IFERROR(1-ABS(N45-O45)/$B$11,0)) | T45: =IF(M45="","",IF($B$9>$B$8,IFERROR((INDEX(GERAL[SNAP],32)-$B$8)/($B$9-$B$8),0),0)) | U45: =IF(OR(M45="",V45<>"ESQUERDO"),"",$L$2*IFERROR(N45/$B$11,0)+$L$3*IF($D$11>0,IFERROR(R45/$D$11,0),0)+$L$4*IFERROR(S45,0)-$L$5*IFERROR(T45,0)-$L$6*MAX(0,IFERROR(Q45,0)-$L$7)+ROW()/1000000) | V45: =IFERROR(INDEX(GERAL[LADO],32),"") | X45: =IFERROR(INDEX(GERAL[PONTO],12),"") | Y45: =IF(X45="","",IFERROR(INDEX(GERAL[ACUMULADA],12),0)) | Z45: =IF(Y45="","",$B$31-Y45) | AA45: =IF(Y45="","",IF(Y45*1.15<=30,30,IF(Y45*1.15<=45,45,IF(Y45*1.15<=75,75,IF(Y45*1.15<=112.5,112.5,IF(Y45*1.15<=150,150,IF(Y45*1.15<=225,225,300))))))) | AB45: =IF(AA45="","",IFERROR(Y45/AA45,0)) | AC45: =IF(X45="","",IFERROR(INDEX(DIR_ATUAL[QT %],MATCH(X45,DIR_ATUAL[PONTO],0)),0)) | AD45: =IF(Y45="","",IFERROR(1-ABS(Y45-Z45)/$B$31,0)) | AE45: =IF(X45="","",IF($E$9>$E$8,IFERROR((INDEX(GERAL[SNAP],12)-$E$8)/($E$9-$E$8),0),0)) | AF45: =IF(OR(X45="",AG45<>"DIREITO"),"",$L$2*IFERROR(Y45/$B$31,0)+$L$3*IF($D$31>0,IFERROR(AC45/$D$31,0),0)+$L$4*IFERROR(AD45,0)-$L$5*IFERROR(AE45,0)-$L$6*MAX(0,IFERROR(AB45,0)-$L$7)+ROW()/1000000) | AG45: =IFERROR(INDEX(GERAL[LADO],12),"")
M46: =IFERROR(INDEX(GERAL[PONTO],33),"") | N46: =IF(M46="","",IFERROR(INDEX(GERAL[ACUMULADA],33),0)) | O46: =IF(N46="","",$B$11-N46) | P46: =IF(N46="","",IF(N46*1.15<=30,30,IF(N46*1.15<=45,45,IF(N46*1.15<=75,75,IF(N46*1.15<=112.5,112.5,IF(N46*1.15<=150,150,IF(N46*1.15<=225,225,300))))))) | Q46: =IF(P46="","",IFERROR(N46/P46,0)) | R46: =IF(M46="","",IFERROR(INDEX(Tabela7[QT %],MATCH(M46,Tabela7[PONTO],0)),0)) | S46: =IF(N46="","",IFERROR(1-ABS(N46-O46)/$B$11,0)) | T46: =IF(M46="","",IF($B$9>$B$8,IFERROR((INDEX(GERAL[SNAP],33)-$B$8)/($B$9-$B$8),0),0)) | U46: =IF(OR(M46="",V46<>"ESQUERDO"),"",$L$2*IFERROR(N46/$B$11,0)+$L$3*IF($D$11>0,IFERROR(R46/$D$11,0),0)+$L$4*IFERROR(S46,0)-$L$5*IFERROR(T46,0)-$L$6*MAX(0,IFERROR(Q46,0)-$L$7)+ROW()/1000000) | V46: =IFERROR(INDEX(GERAL[LADO],33),"") | X46: =IFERROR(INDEX(GERAL[PONTO],13),"") | Y46: =IF(X46="","",IFERROR(INDEX(GERAL[ACUMULADA],13),0)) | Z46: =IF(Y46="","",$B$31-Y46) | AA46: =IF(Y46="","",IF(Y46*1.15<=30,30,IF(Y46*1.15<=45,45,IF(Y46*1.15<=75,75,IF(Y46*1.15<=112.5,112.5,IF(Y46*1.15<=150,150,IF(Y46*1.15<=225,225,300))))))) | AB46: =IF(AA46="","",IFERROR(Y46/AA46,0)) | AC46: =IF(X46="","",IFERROR(INDEX(DIR_ATUAL[QT %],MATCH(X46,DIR_ATUAL[PONTO],0)),0)) | AD46: =IF(Y46="","",IFERROR(1-ABS(Y46-Z46)/$B$31,0)) | AE46: =IF(X46="","",IF($E$9>$E$8,IFERROR((INDEX(GERAL[SNAP],13)-$E$8)/($E$9-$E$8),0),0)) | AF46: =IF(OR(X46="",AG46<>"DIREITO"),"",$L$2*IFERROR(Y46/$B$31,0)+$L$3*IF($D$31>0,IFERROR(AC46/$D$31,0),0)+$L$4*IFERROR(AD46,0)-$L$5*IFERROR(AE46,0)-$L$6*MAX(0,IFERROR(AB46,0)-$L$7)+ROW()/1000000) | AG46: =IFERROR(INDEX(GERAL[LADO],13),"")
M47: =IFERROR(INDEX(GERAL[PONTO],34),"") | N47: =IF(M47="","",IFERROR(INDEX(GERAL[ACUMULADA],34),0)) | O47: =IF(N47="","",$B$11-N47) | P47: =IF(N47="","",IF(N47*1.15<=30,30,IF(N47*1.15<=45,45,IF(N47*1.15<=75,75,IF(N47*1.15<=112.5,112.5,IF(N47*1.15<=150,150,IF(N47*1.15<=225,225,300))))))) | Q47: =IF(P47="","",IFERROR(N47/P47,0)) | R47: =IF(M47="","",IFERROR(INDEX(Tabela7[QT %],MATCH(M47,Tabela7[PONTO],0)),0)) | S47: =IF(N47="","",IFERROR(1-ABS(N47-O47)/$B$11,0)) | T47: =IF(M47="","",IF($B$9>$B$8,IFERROR((INDEX(GERAL[SNAP],34)-$B$8)/($B$9-$B$8),0),0)) | U47: =IF(OR(M47="",V47<>"ESQUERDO"),"",$L$2*IFERROR(N47/$B$11,0)+$L$3*IF($D$11>0,IFERROR(R47/$D$11,0),0)+$L$4*IFERROR(S47,0)-$L$5*IFERROR(T47,0)-$L$6*MAX(0,IFERROR(Q47,0)-$L$7)+ROW()/1000000) | V47: =IFERROR(INDEX(GERAL[LADO],34),"") | X47: =IFERROR(INDEX(GERAL[PONTO],14),"") | Y47: =IF(X47="","",IFERROR(INDEX(GERAL[ACUMULADA],14),0)) | Z47: =IF(Y47="","",$B$31-Y47) | AA47: =IF(Y47="","",IF(Y47*1.15<=30,30,IF(Y47*1.15<=45,45,IF(Y47*1.15<=75,75,IF(Y47*1.15<=112.5,112.5,IF(Y47*1.15<=150,150,IF(Y47*1.15<=225,225,300))))))) | AB47: =IF(AA47="","",IFERROR(Y47/AA47,0)) | AC47: =IF(X47="","",IFERROR(INDEX(DIR_ATUAL[QT %],MATCH(X47,DIR_ATUAL[PONTO],0)),0)) | AD47: =IF(Y47="","",IFERROR(1-ABS(Y47-Z47)/$B$31,0)) | AE47: =IF(X47="","",IF($E$9>$E$8,IFERROR((INDEX(GERAL[SNAP],14)-$E$8)/($E$9-$E$8),0),0)) | AF47: =IF(OR(X47="",AG47<>"DIREITO"),"",$L$2*IFERROR(Y47/$B$31,0)+$L$3*IF($D$31>0,IFERROR(AC47/$D$31,0),0)+$L$4*IFERROR(AD47,0)-$L$5*IFERROR(AE47,0)-$L$6*MAX(0,IFERROR(AB47,0)-$L$7)+ROW()/1000000) | AG47: =IFERROR(INDEX(GERAL[LADO],14),"")
M48: =IFERROR(INDEX(GERAL[PONTO],35),"") | N48: =IF(M48="","",IFERROR(INDEX(GERAL[ACUMULADA],35),0)) | O48: =IF(N48="","",$B$11-N48) | P48: =IF(N48="","",IF(N48*1.15<=30,30,IF(N48*1.15<=45,45,IF(N48*1.15<=75,75,IF(N48*1.15<=112.5,112.5,IF(N48*1.15<=150,150,IF(N48*1.15<=225,225,300))))))) | Q48: =IF(P48="","",IFERROR(N48/P48,0)) | R48: =IF(M48="","",IFERROR(INDEX(Tabela7[QT %],MATCH(M48,Tabela7[PONTO],0)),0)) | S48: =IF(N48="","",IFERROR(1-ABS(N48-O48)/$B$11,0)) | T48: =IF(M48="","",IF($B$9>$B$8,IFERROR((INDEX(GERAL[SNAP],35)-$B$8)/($B$9-$B$8),0),0)) | U48: =IF(OR(M48="",V48<>"ESQUERDO"),"",$L$2*IFERROR(N48/$B$11,0)+$L$3*IF($D$11>0,IFERROR(R48/$D$11,0),0)+$L$4*IFERROR(S48,0)-$L$5*IFERROR(T48,0)-$L$6*MAX(0,IFERROR(Q48,0)-$L$7)+ROW()/1000000) | V48: =IFERROR(INDEX(GERAL[LADO],35),"") | X48: =IFERROR(INDEX(GERAL[PONTO],15),"") | Y48: =IF(X48="","",IFERROR(INDEX(GERAL[ACUMULADA],15),0)) | Z48: =IF(Y48="","",$B$31-Y48) | AA48: =IF(Y48="","",IF(Y48*1.15<=30,30,IF(Y48*1.15<=45,45,IF(Y48*1.15<=75,75,IF(Y48*1.15<=112.5,112.5,IF(Y48*1.15<=150,150,IF(Y48*1.15<=225,225,300))))))) | AB48: =IF(AA48="","",IFERROR(Y48/AA48,0)) | AC48: =IF(X48="","",IFERROR(INDEX(DIR_ATUAL[QT %],MATCH(X48,DIR_ATUAL[PONTO],0)),0)) | AD48: =IF(Y48="","",IFERROR(1-ABS(Y48-Z48)/$B$31,0)) | AE48: =IF(X48="","",IF($E$9>$E$8,IFERROR((INDEX(GERAL[SNAP],15)-$E$8)/($E$9-$E$8),0),0)) | AF48: =IF(OR(X48="",AG48<>"DIREITO"),"",$L$2*IFERROR(Y48/$B$31,0)+$L$3*IF($D$31>0,IFERROR(AC48/$D$31,0),0)+$L$4*IFERROR(AD48,0)-$L$5*IFERROR(AE48,0)-$L$6*MAX(0,IFERROR(AB48,0)-$L$7)+ROW()/1000000) | AG48: =IFERROR(INDEX(GERAL[LADO],15),"")
M49: =IFERROR(INDEX(GERAL[PONTO],36),"") | N49: =IF(M49="","",IFERROR(INDEX(GERAL[ACUMULADA],36),0)) | O49: =IF(N49="","",$B$11-N49) | P49: =IF(N49="","",IF(N49*1.15<=30,30,IF(N49*1.15<=45,45,IF(N49*1.15<=75,75,IF(N49*1.15<=112.5,112.5,IF(N49*1.15<=150,150,IF(N49*1.15<=225,225,300))))))) | Q49: =IF(P49="","",IFERROR(N49/P49,0)) | R49: =IF(M49="","",IFERROR(INDEX(Tabela7[QT %],MATCH(M49,Tabela7[PONTO],0)),0)) | S49: =IF(N49="","",IFERROR(1-ABS(N49-O49)/$B$11,0)) | T49: =IF(M49="","",IF($B$9>$B$8,IFERROR((INDEX(GERAL[SNAP],36)-$B$8)/($B$9-$B$8),0),0)) | U49: =IF(OR(M49="",V49<>"ESQUERDO"),"",$L$2*IFERROR(N49/$B$11,0)+$L$3*IF($D$11>0,IFERROR(R49/$D$11,0),0)+$L$4*IFERROR(S49,0)-$L$5*IFERROR(T49,0)-$L$6*MAX(0,IFERROR(Q49,0)-$L$7)+ROW()/1000000) | V49: =IFERROR(INDEX(GERAL[LADO],36),"") | X49: =IFERROR(INDEX(GERAL[PONTO],16),"") | Y49: =IF(X49="","",IFERROR(INDEX(GERAL[ACUMULADA],16),0)) | Z49: =IF(Y49="","",$B$31-Y49) | AA49: =IF(Y49="","",IF(Y49*1.15<=30,30,IF(Y49*1.15<=45,45,IF(Y49*1.15<=75,75,IF(Y49*1.15<=112.5,112.5,IF(Y49*1.15<=150,150,IF(Y49*1.15<=225,225,300))))))) | AB49: =IF(AA49="","",IFERROR(Y49/AA49,0)) | AC49: =IF(X49="","",IFERROR(INDEX(DIR_ATUAL[QT %],MATCH(X49,DIR_ATUAL[PONTO],0)),0)) | AD49: =IF(Y49="","",IFERROR(1-ABS(Y49-Z49)/$B$31,0)) | AE49: =IF(X49="","",IF($E$9>$E$8,IFERROR((INDEX(GERAL[SNAP],16)-$E$8)/($E$9-$E$8),0),0)) | AF49: =IF(OR(X49="",AG49<>"DIREITO"),"",$L$2*IFERROR(Y49/$B$31,0)+$L$3*IF($D$31>0,IFERROR(AC49/$D$31,0),0)+$L$4*IFERROR(AD49,0)-$L$5*IFERROR(AE49,0)-$L$6*MAX(0,IFERROR(AB49,0)-$L$7)+ROW()/1000000) | AG49: =IFERROR(INDEX(GERAL[LADO],16),"")
M50: =IFERROR(INDEX(GERAL[PONTO],37),"") | N50: =IF(M50="","",IFERROR(INDEX(GERAL[ACUMULADA],37),0)) | O50: =IF(N50="","",$B$11-N50) | P50: =IF(N50="","",IF(N50*1.15<=30,30,IF(N50*1.15<=45,45,IF(N50*1.15<=75,75,IF(N50*1.15<=112.5,112.5,IF(N50*1.15<=150,150,IF(N50*1.15<=225,225,300))))))) | Q50: =IF(P50="","",IFERROR(N50/P50,0)) | R50: =IF(M50="","",IFERROR(INDEX(Tabela7[QT %],MATCH(M50,Tabela7[PONTO],0)),0)) | S50: =IF(N50="","",IFERROR(1-ABS(N50-O50)/$B$11,0)) | T50: =IF(M50="","",IF($B$9>$B$8,IFERROR((INDEX(GERAL[SNAP],37)-$B$8)/($B$9-$B$8),0),0)) | U50: =IF(OR(M50="",V50<>"ESQUERDO"),"",$L$2*IFERROR(N50/$B$11,0)+$L$3*IF($D$11>0,IFERROR(R50/$D$11,0),0)+$L$4*IFERROR(S50,0)-$L$5*IFERROR(T50,0)-$L$6*MAX(0,IFERROR(Q50,0)-$L$7)+ROW()/1000000) | V50: =IFERROR(INDEX(GERAL[LADO],37),"") | X50: =IFERROR(INDEX(GERAL[PONTO],17),"") | Y50: =IF(X50="","",IFERROR(INDEX(GERAL[ACUMULADA],17),0)) | Z50: =IF(Y50="","",$B$31-Y50) | AA50: =IF(Y50="","",IF(Y50*1.15<=30,30,IF(Y50*1.15<=45,45,IF(Y50*1.15<=75,75,IF(Y50*1.15<=112.5,112.5,IF(Y50*1.15<=150,150,IF(Y50*1.15<=225,225,300))))))) | AB50: =IF(AA50="","",IFERROR(Y50/AA50,0)) | AC50: =IF(X50="","",IFERROR(INDEX(DIR_ATUAL[QT %],MATCH(X50,DIR_ATUAL[PONTO],0)),0)) | AD50: =IF(Y50="","",IFERROR(1-ABS(Y50-Z50)/$B$31,0)) | AE50: =IF(X50="","",IF($E$9>$E$8,IFERROR((INDEX(GERAL[SNAP],17)-$E$8)/($E$9-$E$8),0),0)) | AF50: =IF(OR(X50="",AG50<>"DIREITO"),"",$L$2*IFERROR(Y50/$B$31,0)+$L$3*IF($D$31>0,IFERROR(AC50/$D$31,0),0)+$L$4*IFERROR(AD50,0)-$L$5*IFERROR(AE50,0)-$L$6*MAX(0,IFERROR(AB50,0)-$L$7)+ROW()/1000000) | AG50: =IFERROR(INDEX(GERAL[LADO],17),"")
M51: =IFERROR(INDEX(GERAL[PONTO],38),"") | N51: =IF(M51="","",IFERROR(INDEX(GERAL[ACUMULADA],38),0)) | O51: =IF(N51="","",$B$11-N51) | P51: =IF(N51="","",IF(N51*1.15<=30,30,IF(N51*1.15<=45,45,IF(N51*1.15<=75,75,IF(N51*1.15<=112.5,112.5,IF(N51*1.15<=150,150,IF(N51*1.15<=225,225,300))))))) | Q51: =IF(P51="","",IFERROR(N51/P51,0)) | R51: =IF(M51="","",IFERROR(INDEX(Tabela7[QT %],MATCH(M51,Tabela7[PONTO],0)),0)) | S51: =IF(N51="","",IFERROR(1-ABS(N51-O51)/$B$11,0)) | T51: =IF(M51="","",IF($B$9>$B$8,IFERROR((INDEX(GERAL[SNAP],38)-$B$8)/($B$9-$B$8),0),0)) | U51: =IF(OR(M51="",V51<>"ESQUERDO"),"",$L$2*IFERROR(N51/$B$11,0)+$L$3*IF($D$11>0,IFERROR(R51/$D$11,0),0)+$L$4*IFERROR(S51,0)-$L$5*IFERROR(T51,0)-$L$6*MAX(0,IFERROR(Q51,0)-$L$7)+ROW()/1000000) | V51: =IFERROR(INDEX(GERAL[LADO],38),"") | X51: =IFERROR(INDEX(GERAL[PONTO],18),"") | Y51: =IF(X51="","",IFERROR(INDEX(GERAL[ACUMULADA],18),0)) | Z51: =IF(Y51="","",$B$31-Y51) | AA51: =IF(Y51="","",IF(Y51*1.15<=30,30,IF(Y51*1.15<=45,45,IF(Y51*1.15<=75,75,IF(Y51*1.15<=112.5,112.5,IF(Y51*1.15<=150,150,IF(Y51*1.15<=225,225,300))))))) | AB51: =IF(AA51="","",IFERROR(Y51/AA51,0)) | AC51: =IF(X51="","",IFERROR(INDEX(DIR_ATUAL[QT %],MATCH(X51,DIR_ATUAL[PONTO],0)),0)) | AD51: =IF(Y51="","",IFERROR(1-ABS(Y51-Z51)/$B$31,0)) | AE51: =IF(X51="","",IF($E$9>$E$8,IFERROR((INDEX(GERAL[SNAP],18)-$E$8)/($E$9-$E$8),0),0)) | AF51: =IF(OR(X51="",AG51<>"DIREITO"),"",$L$2*IFERROR(Y51/$B$31,0)+$L$3*IF($D$31>0,IFERROR(AC51/$D$31,0),0)+$L$4*IFERROR(AD51,0)-$L$5*IFERROR(AE51,0)-$L$6*MAX(0,IFERROR(AB51,0)-$L$7)+ROW()/1000000) | AG51: =IFERROR(INDEX(GERAL[LADO],18),"")
M52: =IFERROR(INDEX(GERAL[PONTO],39),"") | N52: =IF(M52="","",IFERROR(INDEX(GERAL[ACUMULADA],39),0)) | O52: =IF(N52="","",$B$11-N52) | P52: =IF(N52="","",IF(N52*1.15<=30,30,IF(N52*1.15<=45,45,IF(N52*1.15<=75,75,IF(N52*1.15<=112.5,112.5,IF(N52*1.15<=150,150,IF(N52*1.15<=225,225,300))))))) | Q52: =IF(P52="","",IFERROR(N52/P52,0)) | R52: =IF(M52="","",IFERROR(INDEX(Tabela7[QT %],MATCH(M52,Tabela7[PONTO],0)),0)) | S52: =IF(N52="","",IFERROR(1-ABS(N52-O52)/$B$11,0)) | T52: =IF(M52="","",IF($B$9>$B$8,IFERROR((INDEX(GERAL[SNAP],39)-$B$8)/($B$9-$B$8),0),0)) | U52: =IF(OR(M52="",V52<>"ESQUERDO"),"",$L$2*IFERROR(N52/$B$11,0)+$L$3*IF($D$11>0,IFERROR(R52/$D$11,0),0)+$L$4*IFERROR(S52,0)-$L$5*IFERROR(T52,0)-$L$6*MAX(0,IFERROR(Q52,0)-$L$7)+ROW()/1000000) | V52: =IFERROR(INDEX(GERAL[LADO],39),"") | X52: =IFERROR(INDEX(GERAL[PONTO],19),"") | Y52: =IF(X52="","",IFERROR(INDEX(GERAL[ACUMULADA],19),0)) | Z52: =IF(Y52="","",$B$31-Y52) | AA52: =IF(Y52="","",IF(Y52*1.15<=30,30,IF(Y52*1.15<=45,45,IF(Y52*1.15<=75,75,IF(Y52*1.15<=112.5,112.5,IF(Y52*1.15<=150,150,IF(Y52*1.15<=225,225,300))))))) | AB52: =IF(AA52="","",IFERROR(Y52/AA52,0)) | AC52: =IF(X52="","",IFERROR(INDEX(DIR_ATUAL[QT %],MATCH(X52,DIR_ATUAL[PONTO],0)),0)) | AD52: =IF(Y52="","",IFERROR(1-ABS(Y52-Z52)/$B$31,0)) | AE52: =IF(X52="","",IF($E$9>$E$8,IFERROR((INDEX(GERAL[SNAP],19)-$E$8)/($E$9-$E$8),0),0)) | AF52: =IF(OR(X52="",AG52<>"DIREITO"),"",$L$2*IFERROR(Y52/$B$31,0)+$L$3*IF($D$31>0,IFERROR(AC52/$D$31,0),0)+$L$4*IFERROR(AD52,0)-$L$5*IFERROR(AE52,0)-$L$6*MAX(0,IFERROR(AB52,0)-$L$7)+ROW()/1000000) | AG52: =IFERROR(INDEX(GERAL[LADO],19),"")
M53: =IFERROR(INDEX(GERAL[PONTO],40),"") | N53: =IF(M53="","",IFERROR(INDEX(GERAL[ACUMULADA],40),0)) | O53: =IF(N53="","",$B$11-N53) | P53: =IF(N53="","",IF(N53*1.15<=30,30,IF(N53*1.15<=45,45,IF(N53*1.15<=75,75,IF(N53*1.15<=112.5,112.5,IF(N53*1.15<=150,150,IF(N53*1.15<=225,225,300))))))) | Q53: =IF(P53="","",IFERROR(N53/P53,0)) | R53: =IF(M53="","",IFERROR(INDEX(Tabela7[QT %],MATCH(M53,Tabela7[PONTO],0)),0)) | S53: =IF(N53="","",IFERROR(1-ABS(N53-O53)/$B$11,0)) | T53: =IF(M53="","",IF($B$9>$B$8,IFERROR((INDEX(GERAL[SNAP],40)-$B$8)/($B$9-$B$8),0),0)) | U53: =IF(OR(M53="",V53<>"ESQUERDO"),"",$L$2*IFERROR(N53/$B$11,0)+$L$3*IF($D$11>0,IFERROR(R53/$D$11,0),0)+$L$4*IFERROR(S53,0)-$L$5*IFERROR(T53,0)-$L$6*MAX(0,IFERROR(Q53,0)-$L$7)+ROW()/1000000) | V53: =IFERROR(INDEX(GERAL[LADO],40),"") | X53: =IFERROR(INDEX(GERAL[PONTO],20),"") | Y53: =IF(X53="","",IFERROR(INDEX(GERAL[ACUMULADA],20),0)) | Z53: =IF(Y53="","",$B$31-Y53) | AA53: =IF(Y53="","",IF(Y53*1.15<=30,30,IF(Y53*1.15<=45,45,IF(Y53*1.15<=75,75,IF(Y53*1.15<=112.5,112.5,IF(Y53*1.15<=150,150,IF(Y53*1.15<=225,225,300))))))) | AB53: =IF(AA53="","",IFERROR(Y53/AA53,0)) | AC53: =IF(X53="","",IFERROR(INDEX(DIR_ATUAL[QT %],MATCH(X53,DIR_ATUAL[PONTO],0)),0)) | AD53: =IF(Y53="","",IFERROR(1-ABS(Y53-Z53)/$B$31,0)) | AE53: =IF(X53="","",IF($E$9>$E$8,IFERROR((INDEX(GERAL[SNAP],20)-$E$8)/($E$9-$E$8),0),0)) | AF53: =IF(OR(X53="",AG53<>"DIREITO"),"",$L$2*IFERROR(Y53/$B$31,0)+$L$3*IF($D$31>0,IFERROR(AC53/$D$31,0),0)+$L$4*IFERROR(AD53,0)-$L$5*IFERROR(AE53,0)-$L$6*MAX(0,IFERROR(AB53,0)-$L$7)+ROW()/1000000) | AG53: =IFERROR(INDEX(GERAL[LADO],20),"")
M54: =IFERROR(INDEX(GERAL[PONTO],41),"") | N54: =IF(M54="","",IFERROR(INDEX(GERAL[ACUMULADA],41),0)) | O54: =IF(N54="","",$B$11-N54) | P54: =IF(N54="","",IF(N54*1.15<=30,30,IF(N54*1.15<=45,45,IF(N54*1.15<=75,75,IF(N54*1.15<=112.5,112.5,IF(N54*1.15<=150,150,IF(N54*1.15<=225,225,300))))))) | Q54: =IF(P54="","",IFERROR(N54/P54,0)) | R54: =IF(M54="","",IFERROR(INDEX(Tabela7[QT %],MATCH(M54,Tabela7[PONTO],0)),0)) | S54: =IF(N54="","",IFERROR(1-ABS(N54-O54)/$B$11,0)) | T54: =IF(M54="","",IF($B$9>$B$8,IFERROR((INDEX(GERAL[SNAP],41)-$B$8)/($B$9-$B$8),0),0)) | U54: =IF(OR(M54="",V54<>"ESQUERDO"),"",$L$2*IFERROR(N54/$B$11,0)+$L$3*IF($D$11>0,IFERROR(R54/$D$11,0),0)+$L$4*IFERROR(S54,0)-$L$5*IFERROR(T54,0)-$L$6*MAX(0,IFERROR(Q54,0)-$L$7)+ROW()/1000000) | V54: =IFERROR(INDEX(GERAL[LADO],41),"") | X54: =IFERROR(INDEX(GERAL[PONTO],21),"") | Y54: =IF(X54="","",IFERROR(INDEX(GERAL[ACUMULADA],21),0)) | Z54: =IF(Y54="","",$B$31-Y54) | AA54: =IF(Y54="","",IF(Y54*1.15<=30,30,IF(Y54*1.15<=45,45,IF(Y54*1.15<=75,75,IF(Y54*1.15<=112.5,112.5,IF(Y54*1.15<=150,150,IF(Y54*1.15<=225,225,300))))))) | AB54: =IF(AA54="","",IFERROR(Y54/AA54,0)) | AC54: =IF(X54="","",IFERROR(INDEX(DIR_ATUAL[QT %],MATCH(X54,DIR_ATUAL[PONTO],0)),0)) | AD54: =IF(Y54="","",IFERROR(1-ABS(Y54-Z54)/$B$31,0)) | AE54: =IF(X54="","",IF($E$9>$E$8,IFERROR((INDEX(GERAL[SNAP],21)-$E$8)/($E$9-$E$8),0),0)) | AF54: =IF(OR(X54="",AG54<>"DIREITO"),"",$L$2*IFERROR(Y54/$B$31,0)+$L$3*IF($D$31>0,IFERROR(AC54/$D$31,0),0)+$L$4*IFERROR(AD54,0)-$L$5*IFERROR(AE54,0)-$L$6*MAX(0,IFERROR(AB54,0)-$L$7)+ROW()/1000000) | AG54: =IFERROR(INDEX(GERAL[LADO],21),"")
M55: =IFERROR(INDEX(GERAL[PONTO],42),"") | N55: =IF(M55="","",IFERROR(INDEX(GERAL[ACUMULADA],42),0)) | O55: =IF(N55="","",$B$11-N55) | P55: =IF(N55="","",IF(N55*1.15<=30,30,IF(N55*1.15<=45,45,IF(N55*1.15<=75,75,IF(N55*1.15<=112.5,112.5,IF(N55*1.15<=150,150,IF(N55*1.15<=225,225,300))))))) | Q55: =IF(P55="","",IFERROR(N55/P55,0)) | R55: =IF(M55="","",IFERROR(INDEX(Tabela7[QT %],MATCH(M55,Tabela7[PONTO],0)),0)) | S55: =IF(N55="","",IFERROR(1-ABS(N55-O55)/$B$11,0)) | T55: =IF(M55="","",IF($B$9>$B$8,IFERROR((INDEX(GERAL[SNAP],42)-$B$8)/($B$9-$B$8),0),0)) | U55: =IF(OR(M55="",V55<>"ESQUERDO"),"",$L$2*IFERROR(N55/$B$11,0)+$L$3*IF($D$11>0,IFERROR(R55/$D$11,0),0)+$L$4*IFERROR(S55,0)-$L$5*IFERROR(T55,0)-$L$6*MAX(0,IFERROR(Q55,0)-$L$7)+ROW()/1000000) | V55: =IFERROR(INDEX(GERAL[LADO],42),"") | X55: =IFERROR(INDEX(GERAL[PONTO],22),"") | Y55: =IF(X55="","",IFERROR(INDEX(GERAL[ACUMULADA],22),0)) | Z55: =IF(Y55="","",$B$31-Y55) | AA55: =IF(Y55="","",IF(Y55*1.15<=30,30,IF(Y55*1.15<=45,45,IF(Y55*1.15<=75,75,IF(Y55*1.15<=112.5,112.5,IF(Y55*1.15<=150,150,IF(Y55*1.15<=225,225,300))))))) | AB55: =IF(AA55="","",IFERROR(Y55/AA55,0)) | AC55: =IF(X55="","",IFERROR(INDEX(DIR_ATUAL[QT %],MATCH(X55,DIR_ATUAL[PONTO],0)),0)) | AD55: =IF(Y55="","",IFERROR(1-ABS(Y55-Z55)/$B$31,0)) | AE55: =IF(X55="","",IF($E$9>$E$8,IFERROR((INDEX(GERAL[SNAP],22)-$E$8)/($E$9-$E$8),0),0)) | AF55: =IF(OR(X55="",AG55<>"DIREITO"),"",$L$2*IFERROR(Y55/$B$31,0)+$L$3*IF($D$31>0,IFERROR(AC55/$D$31,0),0)+$L$4*IFERROR(AD55,0)-$L$5*IFERROR(AE55,0)-$L$6*MAX(0,IFERROR(AB55,0)-$L$7)+ROW()/1000000) | AG55: =IFERROR(INDEX(GERAL[LADO],22),"")
M56: =IFERROR(INDEX(GERAL[PONTO],43),"") | N56: =IF(M56="","",IFERROR(INDEX(GERAL[ACUMULADA],43),0)) | O56: =IF(N56="","",$B$11-N56) | P56: =IF(N56="","",IF(N56*1.15<=30,30,IF(N56*1.15<=45,45,IF(N56*1.15<=75,75,IF(N56*1.15<=112.5,112.5,IF(N56*1.15<=150,150,IF(N56*1.15<=225,225,300))))))) | Q56: =IF(P56="","",IFERROR(N56/P56,0)) | R56: =IF(M56="","",IFERROR(INDEX(Tabela7[QT %],MATCH(M56,Tabela7[PONTO],0)),0)) | S56: =IF(N56="","",IFERROR(1-ABS(N56-O56)/$B$11,0)) | T56: =IF(M56="","",IF($B$9>$B$8,IFERROR((INDEX(GERAL[SNAP],43)-$B$8)/($B$9-$B$8),0),0)) | U56: =IF(OR(M56="",V56<>"ESQUERDO"),"",$L$2*IFERROR(N56/$B$11,0)+$L$3*IF($D$11>0,IFERROR(R56/$D$11,0),0)+$L$4*IFERROR(S56,0)-$L$5*IFERROR(T56,0)-$L$6*MAX(0,IFERROR(Q56,0)-$L$7)+ROW()/1000000) | V56: =IFERROR(INDEX(GERAL[LADO],43),"") | X56: =IFERROR(INDEX(GERAL[PONTO],23),"") | Y56: =IF(X56="","",IFERROR(INDEX(GERAL[ACUMULADA],23),0)) | Z56: =IF(Y56="","",$B$31-Y56) | AA56: =IF(Y56="","",IF(Y56*1.15<=30,30,IF(Y56*1.15<=45,45,IF(Y56*1.15<=75,75,IF(Y56*1.15<=112.5,112.5,IF(Y56*1.15<=150,150,IF(Y56*1.15<=225,225,300))))))) | AB56: =IF(AA56="","",IFERROR(Y56/AA56,0)) | AC56: =IF(X56="","",IFERROR(INDEX(DIR_ATUAL[QT %],MATCH(X56,DIR_ATUAL[PONTO],0)),0)) | AD56: =IF(Y56="","",IFERROR(1-ABS(Y56-Z56)/$B$31,0)) | AE56: =IF(X56="","",IF($E$9>$E$8,IFERROR((INDEX(GERAL[SNAP],23)-$E$8)/($E$9-$E$8),0),0)) | AF56: =IF(OR(X56="",AG56<>"DIREITO"),"",$L$2*IFERROR(Y56/$B$31,0)+$L$3*IF($D$31>0,IFERROR(AC56/$D$31,0),0)+$L$4*IFERROR(AD56,0)-$L$5*IFERROR(AE56,0)-$L$6*MAX(0,IFERROR(AB56,0)-$L$7)+ROW()/1000000) | AG56: =IFERROR(INDEX(GERAL[LADO],23),"")
M57: =IFERROR(INDEX(GERAL[PONTO],44),"") | N57: =IF(M57="","",IFERROR(INDEX(GERAL[ACUMULADA],44),0)) | O57: =IF(N57="","",$B$11-N57) | P57: =IF(N57="","",IF(N57*1.15<=30,30,IF(N57*1.15<=45,45,IF(N57*1.15<=75,75,IF(N57*1.15<=112.5,112.5,IF(N57*1.15<=150,150,IF(N57*1.15<=225,225,300))))))) | Q57: =IF(P57="","",IFERROR(N57/P57,0)) | R57: =IF(M57="","",IFERROR(INDEX(Tabela7[QT %],MATCH(M57,Tabela7[PONTO],0)),0)) | S57: =IF(N57="","",IFERROR(1-ABS(N57-O57)/$B$11,0)) | T57: =IF(M57="","",IF($B$9>$B$8,IFERROR((INDEX(GERAL[SNAP],44)-$B$8)/($B$9-$B$8),0),0)) | U57: =IF(OR(M57="",V57<>"ESQUERDO"),"",$L$2*IFERROR(N57/$B$11,0)+$L$3*IF($D$11>0,IFERROR(R57/$D$11,0),0)+$L$4*IFERROR(S57,0)-$L$5*IFERROR(T57,0)-$L$6*MAX(0,IFERROR(Q57,0)-$L$7)+ROW()/1000000) | V57: =IFERROR(INDEX(GERAL[LADO],44),"") | X57: =IFERROR(INDEX(GERAL[PONTO],24),"") | Y57: =IF(X57="","",IFERROR(INDEX(GERAL[ACUMULADA],24),0)) | Z57: =IF(Y57="","",$B$31-Y57) | AA57: =IF(Y57="","",IF(Y57*1.15<=30,30,IF(Y57*1.15<=45,45,IF(Y57*1.15<=75,75,IF(Y57*1.15<=112.5,112.5,IF(Y57*1.15<=150,150,IF(Y57*1.15<=225,225,300))))))) | AB57: =IF(AA57="","",IFERROR(Y57/AA57,0)) | AC57: =IF(X57="","",IFERROR(INDEX(DIR_ATUAL[QT %],MATCH(X57,DIR_ATUAL[PONTO],0)),0)) | AD57: =IF(Y57="","",IFERROR(1-ABS(Y57-Z57)/$B$31,0)) | AE57: =IF(X57="","",IF($E$9>$E$8,IFERROR((INDEX(GERAL[SNAP],24)-$E$8)/($E$9-$E$8),0),0)) | AF57: =IF(OR(X57="",AG57<>"DIREITO"),"",$L$2*IFERROR(Y57/$B$31,0)+$L$3*IF($D$31>0,IFERROR(AC57/$D$31,0),0)+$L$4*IFERROR(AD57,0)-$L$5*IFERROR(AE57,0)-$L$6*MAX(0,IFERROR(AB57,0)-$L$7)+ROW()/1000000) | AG57: =IFERROR(INDEX(GERAL[LADO],24),"")
M58: =IFERROR(INDEX(GERAL[PONTO],45),"") | N58: =IF(M58="","",IFERROR(INDEX(GERAL[ACUMULADA],45),0)) | O58: =IF(N58="","",$B$11-N58) | P58: =IF(N58="","",IF(N58*1.15<=30,30,IF(N58*1.15<=45,45,IF(N58*1.15<=75,75,IF(N58*1.15<=112.5,112.5,IF(N58*1.15<=150,150,IF(N58*1.15<=225,225,300))))))) | Q58: =IF(P58="","",IFERROR(N58/P58,0)) | R58: =IF(M58="","",IFERROR(INDEX(Tabela7[QT %],MATCH(M58,Tabela7[PONTO],0)),0)) | S58: =IF(N58="","",IFERROR(1-ABS(N58-O58)/$B$11,0)) | T58: =IF(M58="","",IF($B$9>$B$8,IFERROR((INDEX(GERAL[SNAP],45)-$B$8)/($B$9-$B$8),0),0)) | U58: =IF(OR(M58="",V58<>"ESQUERDO"),"",$L$2*IFERROR(N58/$B$11,0)+$L$3*IF($D$11>0,IFERROR(R58/$D$11,0),0)+$L$4*IFERROR(S58,0)-$L$5*IFERROR(T58,0)-$L$6*MAX(0,IFERROR(Q58,0)-$L$7)+ROW()/1000000) | V58: =IFERROR(INDEX(GERAL[LADO],45),"") | X58: =IFERROR(INDEX(GERAL[PONTO],25),"") | Y58: =IF(X58="","",IFERROR(INDEX(GERAL[ACUMULADA],25),0)) | Z58: =IF(Y58="","",$B$31-Y58) | AA58: =IF(Y58="","",IF(Y58*1.15<=30,30,IF(Y58*1.15<=45,45,IF(Y58*1.15<=75,75,IF(Y58*1.15<=112.5,112.5,IF(Y58*1.15<=150,150,IF(Y58*1.15<=225,225,300))))))) | AB58: =IF(AA58="","",IFERROR(Y58/AA58,0)) | AC58: =IF(X58="","",IFERROR(INDEX(DIR_ATUAL[QT %],MATCH(X58,DIR_ATUAL[PONTO],0)),0)) | AD58: =IF(Y58="","",IFERROR(1-ABS(Y58-Z58)/$B$31,0)) | AE58: =IF(X58="","",IF($E$9>$E$8,IFERROR((INDEX(GERAL[SNAP],25)-$E$8)/($E$9-$E$8),0),0)) | AF58: =IF(OR(X58="",AG58<>"DIREITO"),"",$L$2*IFERROR(Y58/$B$31,0)+$L$3*IF($D$31>0,IFERROR(AC58/$D$31,0),0)+$L$4*IFERROR(AD58,0)-$L$5*IFERROR(AE58,0)-$L$6*MAX(0,IFERROR(AB58,0)-$L$7)+ROW()/1000000) | AG58: =IFERROR(INDEX(GERAL[LADO],25),"")
M59: =IFERROR(INDEX(GERAL[PONTO],46),"") | N59: =IF(M59="","",IFERROR(INDEX(GERAL[ACUMULADA],46),0)) | O59: =IF(N59="","",$B$11-N59) | P59: =IF(N59="","",IF(N59*1.15<=30,30,IF(N59*1.15<=45,45,IF(N59*1.15<=75,75,IF(N59*1.15<=112.5,112.5,IF(N59*1.15<=150,150,IF(N59*1.15<=225,225,300))))))) | Q59: =IF(P59="","",IFERROR(N59/P59,0)) | R59: =IF(M59="","",IFERROR(INDEX(Tabela7[QT %],MATCH(M59,Tabela7[PONTO],0)),0)) | S59: =IF(N59="","",IFERROR(1-ABS(N59-O59)/$B$11,0)) | T59: =IF(M59="","",IF($B$9>$B$8,IFERROR((INDEX(GERAL[SNAP],46)-$B$8)/($B$9-$B$8),0),0)) | U59: =IF(OR(M59="",V59<>"ESQUERDO"),"",$L$2*IFERROR(N59/$B$11,0)+$L$3*IF($D$11>0,IFERROR(R59/$D$11,0),0)+$L$4*IFERROR(S59,0)-$L$5*IFERROR(T59,0)-$L$6*MAX(0,IFERROR(Q59,0)-$L$7)+ROW()/1000000) | V59: =IFERROR(INDEX(GERAL[LADO],46),"") | X59: =IFERROR(INDEX(GERAL[PONTO],26),"") | Y59: =IF(X59="","",IFERROR(INDEX(GERAL[ACUMULADA],26),0)) | Z59: =IF(Y59="","",$B$31-Y59) | AA59: =IF(Y59="","",IF(Y59*1.15<=30,30,IF(Y59*1.15<=45,45,IF(Y59*1.15<=75,75,IF(Y59*1.15<=112.5,112.5,IF(Y59*1.15<=150,150,IF(Y59*1.15<=225,225,300))))))) | AB59: =IF(AA59="","",IFERROR(Y59/AA59,0)) | AC59: =IF(X59="","",IFERROR(INDEX(DIR_ATUAL[QT %],MATCH(X59,DIR_ATUAL[PONTO],0)),0)) | AD59: =IF(Y59="","",IFERROR(1-ABS(Y59-Z59)/$B$31,0)) | AE59: =IF(X59="","",IF($E$9>$E$8,IFERROR((INDEX(GERAL[SNAP],26)-$E$8)/($E$9-$E$8),0),0)) | AF59: =IF(OR(X59="",AG59<>"DIREITO"),"",$L$2*IFERROR(Y59/$B$31,0)+$L$3*IF($D$31>0,IFERROR(AC59/$D$31,0),0)+$L$4*IFERROR(AD59,0)-$L$5*IFERROR(AE59,0)-$L$6*MAX(0,IFERROR(AB59,0)-$L$7)+ROW()/1000000) | AG59: =IFERROR(INDEX(GERAL[LADO],26),"")
M60: =IFERROR(INDEX(GERAL[PONTO],47),"") | N60: =IF(M60="","",IFERROR(INDEX(GERAL[ACUMULADA],47),0)) | O60: =IF(N60="","",$B$11-N60) | P60: =IF(N60="","",IF(N60*1.15<=30,30,IF(N60*1.15<=45,45,IF(N60*1.15<=75,75,IF(N60*1.15<=112.5,112.5,IF(N60*1.15<=150,150,IF(N60*1.15<=225,225,300))))))) | Q60: =IF(P60="","",IFERROR(N60/P60,0)) | R60: =IF(M60="","",IFERROR(INDEX(Tabela7[QT %],MATCH(M60,Tabela7[PONTO],0)),0)) | S60: =IF(N60="","",IFERROR(1-ABS(N60-O60)/$B$11,0)) | T60: =IF(M60="","",IF($B$9>$B$8,IFERROR((INDEX(GERAL[SNAP],47)-$B$8)/($B$9-$B$8),0),0)) | U60: =IF(OR(M60="",V60<>"ESQUERDO"),"",$L$2*IFERROR(N60/$B$11,0)+$L$3*IF($D$11>0,IFERROR(R60/$D$11,0),0)+$L$4*IFERROR(S60,0)-$L$5*IFERROR(T60,0)-$L$6*MAX(0,IFERROR(Q60,0)-$L$7)+ROW()/1000000) | V60: =IFERROR(INDEX(GERAL[LADO],47),"") | X60: =IFERROR(INDEX(GERAL[PONTO],27),"") | Y60: =IF(X60="","",IFERROR(INDEX(GERAL[ACUMULADA],27),0)) | Z60: =IF(Y60="","",$B$31-Y60) | AA60: =IF(Y60="","",IF(Y60*1.15<=30,30,IF(Y60*1.15<=45,45,IF(Y60*1.15<=75,75,IF(Y60*1.15<=112.5,112.5,IF(Y60*1.15<=150,150,IF(Y60*1.15<=225,225,300))))))) | AB60: =IF(AA60="","",IFERROR(Y60/AA60,0)) | AC60: =IF(X60="","",IFERROR(INDEX(DIR_ATUAL[QT %],MATCH(X60,DIR_ATUAL[PONTO],0)),0)) | AD60: =IF(Y60="","",IFERROR(1-ABS(Y60-Z60)/$B$31,0)) | AE60: =IF(X60="","",IF($E$9>$E$8,IFERROR((INDEX(GERAL[SNAP],27)-$E$8)/($E$9-$E$8),0),0)) | AF60: =IF(OR(X60="",AG60<>"DIREITO"),"",$L$2*IFERROR(Y60/$B$31,0)+$L$3*IF($D$31>0,IFERROR(AC60/$D$31,0),0)+$L$4*IFERROR(AD60,0)-$L$5*IFERROR(AE60,0)-$L$6*MAX(0,IFERROR(AB60,0)-$L$7)+ROW()/1000000) | AG60: =IFERROR(INDEX(GERAL[LADO],27),"")
M61: =IFERROR(INDEX(GERAL[PONTO],48),"") | N61: =IF(M61="","",IFERROR(INDEX(GERAL[ACUMULADA],48),0)) | O61: =IF(N61="","",$B$11-N61) | P61: =IF(N61="","",IF(N61*1.15<=30,30,IF(N61*1.15<=45,45,IF(N61*1.15<=75,75,IF(N61*1.15<=112.5,112.5,IF(N61*1.15<=150,150,IF(N61*1.15<=225,225,300))))))) | Q61: =IF(P61="","",IFERROR(N61/P61,0)) | R61: =IF(M61="","",IFERROR(INDEX(Tabela7[QT %],MATCH(M61,Tabela7[PONTO],0)),0)) | S61: =IF(N61="","",IFERROR(1-ABS(N61-O61)/$B$11,0)) | T61: =IF(M61="","",IF($B$9>$B$8,IFERROR((INDEX(GERAL[SNAP],48)-$B$8)/($B$9-$B$8),0),0)) | U61: =IF(OR(M61="",V61<>"ESQUERDO"),"",$L$2*IFERROR(N61/$B$11,0)+$L$3*IF($D$11>0,IFERROR(R61/$D$11,0),0)+$L$4*IFERROR(S61,0)-$L$5*IFERROR(T61,0)-$L$6*MAX(0,IFERROR(Q61,0)-$L$7)+ROW()/1000000) | V61: =IFERROR(INDEX(GERAL[LADO],48),"") | X61: =IFERROR(INDEX(GERAL[PONTO],28),"") | Y61: =IF(X61="","",IFERROR(INDEX(GERAL[ACUMULADA],28),0)) | Z61: =IF(Y61="","",$B$31-Y61) | AA61: =IF(Y61="","",IF(Y61*1.15<=30,30,IF(Y61*1.15<=45,45,IF(Y61*1.15<=75,75,IF(Y61*1.15<=112.5,112.5,IF(Y61*1.15<=150,150,IF(Y61*1.15<=225,225,300))))))) | AB61: =IF(AA61="","",IFERROR(Y61/AA61,0)) | AC61: =IF(X61="","",IFERROR(INDEX(DIR_ATUAL[QT %],MATCH(X61,DIR_ATUAL[PONTO],0)),0)) | AD61: =IF(Y61="","",IFERROR(1-ABS(Y61-Z61)/$B$31,0)) | AE61: =IF(X61="","",IF($E$9>$E$8,IFERROR((INDEX(GERAL[SNAP],28)-$E$8)/($E$9-$E$8),0),0)) | AF61: =IF(OR(X61="",AG61<>"DIREITO"),"",$L$2*IFERROR(Y61/$B$31,0)+$L$3*IF($D$31>0,IFERROR(AC61/$D$31,0),0)+$L$4*IFERROR(AD61,0)-$L$5*IFERROR(AE61,0)-$L$6*MAX(0,IFERROR(AB61,0)-$L$7)+ROW()/1000000) | AG61: =IFERROR(INDEX(GERAL[LADO],28),"")
M62: =IFERROR(INDEX(GERAL[PONTO],49),"") | N62: =IF(M62="","",IFERROR(INDEX(GERAL[ACUMULADA],49),0)) | O62: =IF(N62="","",$B$11-N62) | P62: =IF(N62="","",IF(N62*1.15<=30,30,IF(N62*1.15<=45,45,IF(N62*1.15<=75,75,IF(N62*1.15<=112.5,112.5,IF(N62*1.15<=150,150,IF(N62*1.15<=225,225,300))))))) | Q62: =IF(P62="","",IFERROR(N62/P62,0)) | R62: =IF(M62="","",IFERROR(INDEX(Tabela7[QT %],MATCH(M62,Tabela7[PONTO],0)),0)) | S62: =IF(N62="","",IFERROR(1-ABS(N62-O62)/$B$11,0)) | T62: =IF(M62="","",IF($B$9>$B$8,IFERROR((INDEX(GERAL[SNAP],49)-$B$8)/($B$9-$B$8),0),0)) | U62: =IF(OR(M62="",V62<>"ESQUERDO"),"",$L$2*IFERROR(N62/$B$11,0)+$L$3*IF($D$11>0,IFERROR(R62/$D$11,0),0)+$L$4*IFERROR(S62,0)-$L$5*IFERROR(T62,0)-$L$6*MAX(0,IFERROR(Q62,0)-$L$7)+ROW()/1000000) | V62: =IFERROR(INDEX(GERAL[LADO],49),"") | X62: =IFERROR(INDEX(GERAL[PONTO],29),"") | Y62: =IF(X62="","",IFERROR(INDEX(GERAL[ACUMULADA],29),0)) | Z62: =IF(Y62="","",$B$31-Y62) | AA62: =IF(Y62="","",IF(Y62*1.15<=30,30,IF(Y62*1.15<=45,45,IF(Y62*1.15<=75,75,IF(Y62*1.15<=112.5,112.5,IF(Y62*1.15<=150,150,IF(Y62*1.15<=225,225,300))))))) | AB62: =IF(AA62="","",IFERROR(Y62/AA62,0)) | AC62: =IF(X62="","",IFERROR(INDEX(DIR_ATUAL[QT %],MATCH(X62,DIR_ATUAL[PONTO],0)),0)) | AD62: =IF(Y62="","",IFERROR(1-ABS(Y62-Z62)/$B$31,0)) | AE62: =IF(X62="","",IF($E$9>$E$8,IFERROR((INDEX(GERAL[SNAP],29)-$E$8)/($E$9-$E$8),0),0)) | AF62: =IF(OR(X62="",AG62<>"DIREITO"),"",$L$2*IFERROR(Y62/$B$31,0)+$L$3*IF($D$31>0,IFERROR(AC62/$D$31,0),0)+$L$4*IFERROR(AD62,0)-$L$5*IFERROR(AE62,0)-$L$6*MAX(0,IFERROR(AB62,0)-$L$7)+ROW()/1000000) | AG62: =IFERROR(INDEX(GERAL[LADO],29),"")
M63: =IFERROR(INDEX(GERAL[PONTO],50),"") | N63: =IF(M63="","",IFERROR(INDEX(GERAL[ACUMULADA],50),0)) | O63: =IF(N63="","",$B$11-N63) | P63: =IF(N63="","",IF(N63*1.15<=30,30,IF(N63*1.15<=45,45,IF(N63*1.15<=75,75,IF(N63*1.15<=112.5,112.5,IF(N63*1.15<=150,150,IF(N63*1.15<=225,225,300))))))) | Q63: =IF(P63="","",IFERROR(N63/P63,0)) | R63: =IF(M63="","",IFERROR(INDEX(Tabela7[QT %],MATCH(M63,Tabela7[PONTO],0)),0)) | S63: =IF(N63="","",IFERROR(1-ABS(N63-O63)/$B$11,0)) | T63: =IF(M63="","",IF($B$9>$B$8,IFERROR((INDEX(GERAL[SNAP],50)-$B$8)/($B$9-$B$8),0),0)) | U63: =IF(OR(M63="",V63<>"ESQUERDO"),"",$L$2*IFERROR(N63/$B$11,0)+$L$3*IF($D$11>0,IFERROR(R63/$D$11,0),0)+$L$4*IFERROR(S63,0)-$L$5*IFERROR(T63,0)-$L$6*MAX(0,IFERROR(Q63,0)-$L$7)+ROW()/1000000) | V63: =IFERROR(INDEX(GERAL[LADO],50),"") | X63: =IFERROR(INDEX(GERAL[PONTO],30),"") | Y63: =IF(X63="","",IFERROR(INDEX(GERAL[ACUMULADA],30),0)) | Z63: =IF(Y63="","",$B$31-Y63) | AA63: =IF(Y63="","",IF(Y63*1.15<=30,30,IF(Y63*1.15<=45,45,IF(Y63*1.15<=75,75,IF(Y63*1.15<=112.5,112.5,IF(Y63*1.15<=150,150,IF(Y63*1.15<=225,225,300))))))) | AB63: =IF(AA63="","",IFERROR(Y63/AA63,0)) | AC63: =IF(X63="","",IFERROR(INDEX(DIR_ATUAL[QT %],MATCH(X63,DIR_ATUAL[PONTO],0)),0)) | AD63: =IF(Y63="","",IFERROR(1-ABS(Y63-Z63)/$B$31,0)) | AE63: =IF(X63="","",IF($E$9>$E$8,IFERROR((INDEX(GERAL[SNAP],30)-$E$8)/($E$9-$E$8),0),0)) | AF63: =IF(OR(X63="",AG63<>"DIREITO"),"",$L$2*IFERROR(Y63/$B$31,0)+$L$3*IF($D$31>0,IFERROR(AC63/$D$31,0),0)+$L$4*IFERROR(AD63,0)-$L$5*IFERROR(AE63,0)-$L$6*MAX(0,IFERROR(AB63,0)-$L$7)+ROW()/1000000) | AG63: =IFERROR(INDEX(GERAL[LADO],30),"")
M64: =IFERROR(INDEX(GERAL[PONTO],51),"") | N64: =IF(M64="","",IFERROR(INDEX(GERAL[ACUMULADA],51),0)) | O64: =IF(N64="","",$B$11-N64) | P64: =IF(N64="","",IF(N64*1.15<=30,30,IF(N64*1.15<=45,45,IF(N64*1.15<=75,75,IF(N64*1.15<=112.5,112.5,IF(N64*1.15<=150,150,IF(N64*1.15<=225,225,300))))))) | Q64: =IF(P64="","",IFERROR(N64/P64,0)) | R64: =IF(M64="","",IFERROR(INDEX(Tabela7[QT %],MATCH(M64,Tabela7[PONTO],0)),0)) | S64: =IF(N64="","",IFERROR(1-ABS(N64-O64)/$B$11,0)) | T64: =IF(M64="","",IF($B$9>$B$8,IFERROR((INDEX(GERAL[SNAP],51)-$B$8)/($B$9-$B$8),0),0)) | U64: =IF(OR(M64="",V64<>"ESQUERDO"),"",$L$2*IFERROR(N64/$B$11,0)+$L$3*IF($D$11>0,IFERROR(R64/$D$11,0),0)+$L$4*IFERROR(S64,0)-$L$5*IFERROR(T64,0)-$L$6*MAX(0,IFERROR(Q64,0)-$L$7)+ROW()/1000000) | V64: =IFERROR(INDEX(GERAL[LADO],51),"") | X64: =IFERROR(INDEX(GERAL[PONTO],31),"") | Y64: =IF(X64="","",IFERROR(INDEX(GERAL[ACUMULADA],31),0)) | Z64: =IF(Y64="","",$B$31-Y64) | AA64: =IF(Y64="","",IF(Y64*1.15<=30,30,IF(Y64*1.15<=45,45,IF(Y64*1.15<=75,75,IF(Y64*1.15<=112.5,112.5,IF(Y64*1.15<=150,150,IF(Y64*1.15<=225,225,300))))))) | AB64: =IF(AA64="","",IFERROR(Y64/AA64,0)) | AC64: =IF(X64="","",IFERROR(INDEX(DIR_ATUAL[QT %],MATCH(X64,DIR_ATUAL[PONTO],0)),0)) | AD64: =IF(Y64="","",IFERROR(1-ABS(Y64-Z64)/$B$31,0)) | AE64: =IF(X64="","",IF($E$9>$E$8,IFERROR((INDEX(GERAL[SNAP],31)-$E$8)/($E$9-$E$8),0),0)) | AF64: =IF(OR(X64="",AG64<>"DIREITO"),"",$L$2*IFERROR(Y64/$B$31,0)+$L$3*IF($D$31>0,IFERROR(AC64/$D$31,0),0)+$L$4*IFERROR(AD64,0)-$L$5*IFERROR(AE64,0)-$L$6*MAX(0,IFERROR(AB64,0)-$L$7)+ROW()/1000000) | AG64: =IFERROR(INDEX(GERAL[LADO],31),"")
M65: =IFERROR(INDEX(GERAL[PONTO],52),"") | N65: =IF(M65="","",IFERROR(INDEX(GERAL[ACUMULADA],52),0)) | O65: =IF(N65="","",$B$11-N65) | P65: =IF(N65="","",IF(N65*1.15<=30,30,IF(N65*1.15<=45,45,IF(N65*1.15<=75,75,IF(N65*1.15<=112.5,112.5,IF(N65*1.15<=150,150,IF(N65*1.15<=225,225,300))))))) | Q65: =IF(P65="","",IFERROR(N65/P65,0)) | R65: =IF(M65="","",IFERROR(INDEX(Tabela7[QT %],MATCH(M65,Tabela7[PONTO],0)),0)) | S65: =IF(N65="","",IFERROR(1-ABS(N65-O65)/$B$11,0)) | T65: =IF(M65="","",IF($B$9>$B$8,IFERROR((INDEX(GERAL[SNAP],52)-$B$8)/($B$9-$B$8),0),0)) | U65: =IF(OR(M65="",V65<>"ESQUERDO"),"",$L$2*IFERROR(N65/$B$11,0)+$L$3*IF($D$11>0,IFERROR(R65/$D$11,0),0)+$L$4*IFERROR(S65,0)-$L$5*IFERROR(T65,0)-$L$6*MAX(0,IFERROR(Q65,0)-$L$7)+ROW()/1000000) | V65: =IFERROR(INDEX(GERAL[LADO],52),"") | X65: =IFERROR(INDEX(GERAL[PONTO],32),"") | Y65: =IF(X65="","",IFERROR(INDEX(GERAL[ACUMULADA],32),0)) | Z65: =IF(Y65="","",$B$31-Y65) | AA65: =IF(Y65="","",IF(Y65*1.15<=30,30,IF(Y65*1.15<=45,45,IF(Y65*1.15<=75,75,IF(Y65*1.15<=112.5,112.5,IF(Y65*1.15<=150,150,IF(Y65*1.15<=225,225,300))))))) | AB65: =IF(AA65="","",IFERROR(Y65/AA65,0)) | AC65: =IF(X65="","",IFERROR(INDEX(DIR_ATUAL[QT %],MATCH(X65,DIR_ATUAL[PONTO],0)),0)) | AD65: =IF(Y65="","",IFERROR(1-ABS(Y65-Z65)/$B$31,0)) | AE65: =IF(X65="","",IF($E$9>$E$8,IFERROR((INDEX(GERAL[SNAP],32)-$E$8)/($E$9-$E$8),0),0)) | AF65: =IF(OR(X65="",AG65<>"DIREITO"),"",$L$2*IFERROR(Y65/$B$31,0)+$L$3*IF($D$31>0,IFERROR(AC65/$D$31,0),0)+$L$4*IFERROR(AD65,0)-$L$5*IFERROR(AE65,0)-$L$6*MAX(0,IFERROR(AB65,0)-$L$7)+ROW()/1000000) | AG65: =IFERROR(INDEX(GERAL[LADO],32),"")
M66: =IFERROR(INDEX(GERAL[PONTO],53),"") | N66: =IF(M66="","",IFERROR(INDEX(GERAL[ACUMULADA],53),0)) | O66: =IF(N66="","",$B$11-N66) | P66: =IF(N66="","",IF(N66*1.15<=30,30,IF(N66*1.15<=45,45,IF(N66*1.15<=75,75,IF(N66*1.15<=112.5,112.5,IF(N66*1.15<=150,150,IF(N66*1.15<=225,225,300))))))) | Q66: =IF(P66="","",IFERROR(N66/P66,0)) | R66: =IF(M66="","",IFERROR(INDEX(Tabela7[QT %],MATCH(M66,Tabela7[PONTO],0)),0)) | S66: =IF(N66="","",IFERROR(1-ABS(N66-O66)/$B$11,0)) | T66: =IF(M66="","",IF($B$9>$B$8,IFERROR((INDEX(GERAL[SNAP],53)-$B$8)/($B$9-$B$8),0),0)) | U66: =IF(OR(M66="",V66<>"ESQUERDO"),"",$L$2*IFERROR(N66/$B$11,0)+$L$3*IF($D$11>0,IFERROR(R66/$D$11,0),0)+$L$4*IFERROR(S66,0)-$L$5*IFERROR(T66,0)-$L$6*MAX(0,IFERROR(Q66,0)-$L$7)+ROW()/1000000) | V66: =IFERROR(INDEX(GERAL[LADO],53),"") | X66: =IFERROR(INDEX(GERAL[PONTO],33),"") | Y66: =IF(X66="","",IFERROR(INDEX(GERAL[ACUMULADA],33),0)) | Z66: =IF(Y66="","",$B$31-Y66) | AA66: =IF(Y66="","",IF(Y66*1.15<=30,30,IF(Y66*1.15<=45,45,IF(Y66*1.15<=75,75,IF(Y66*1.15<=112.5,112.5,IF(Y66*1.15<=150,150,IF(Y66*1.15<=225,225,300))))))) | AB66: =IF(AA66="","",IFERROR(Y66/AA66,0)) | AC66: =IF(X66="","",IFERROR(INDEX(DIR_ATUAL[QT %],MATCH(X66,DIR_ATUAL[PONTO],0)),0)) | AD66: =IF(Y66="","",IFERROR(1-ABS(Y66-Z66)/$B$31,0)) | AE66: =IF(X66="","",IF($E$9>$E$8,IFERROR((INDEX(GERAL[SNAP],33)-$E$8)/($E$9-$E$8),0),0)) | AF66: =IF(OR(X66="",AG66<>"DIREITO"),"",$L$2*IFERROR(Y66/$B$31,0)+$L$3*IF($D$31>0,IFERROR(AC66/$D$31,0),0)+$L$4*IFERROR(AD66,0)-$L$5*IFERROR(AE66,0)-$L$6*MAX(0,IFERROR(AB66,0)-$L$7)+ROW()/1000000) | AG66: =IFERROR(INDEX(GERAL[LADO],33),"")
M67: =IFERROR(INDEX(GERAL[PONTO],54),"") | N67: =IF(M67="","",IFERROR(INDEX(GERAL[ACUMULADA],54),0)) | O67: =IF(N67="","",$B$11-N67) | P67: =IF(N67="","",IF(N67*1.15<=30,30,IF(N67*1.15<=45,45,IF(N67*1.15<=75,75,IF(N67*1.15<=112.5,112.5,IF(N67*1.15<=150,150,IF(N67*1.15<=225,225,300))))))) | Q67: =IF(P67="","",IFERROR(N67/P67,0)) | R67: =IF(M67="","",IFERROR(INDEX(Tabela7[QT %],MATCH(M67,Tabela7[PONTO],0)),0)) | S67: =IF(N67="","",IFERROR(1-ABS(N67-O67)/$B$11,0)) | T67: =IF(M67="","",IF($B$9>$B$8,IFERROR((INDEX(GERAL[SNAP],54)-$B$8)/($B$9-$B$8),0),0)) | U67: =IF(OR(M67="",V67<>"ESQUERDO"),"",$L$2*IFERROR(N67/$B$11,0)+$L$3*IF($D$11>0,IFERROR(R67/$D$11,0),0)+$L$4*IFERROR(S67,0)-$L$5*IFERROR(T67,0)-$L$6*MAX(0,IFERROR(Q67,0)-$L$7)+ROW()/1000000) | V67: =IFERROR(INDEX(GERAL[LADO],54),"") | X67: =IFERROR(INDEX(GERAL[PONTO],34),"") | Y67: =IF(X67="","",IFERROR(INDEX(GERAL[ACUMULADA],34),0)) | Z67: =IF(Y67="","",$B$31-Y67) | AA67: =IF(Y67="","",IF(Y67*1.15<=30,30,IF(Y67*1.15<=45,45,IF(Y67*1.15<=75,75,IF(Y67*1.15<=112.5,112.5,IF(Y67*1.15<=150,150,IF(Y67*1.15<=225,225,300))))))) | AB67: =IF(AA67="","",IFERROR(Y67/AA67,0)) | AC67: =IF(X67="","",IFERROR(INDEX(DIR_ATUAL[QT %],MATCH(X67,DIR_ATUAL[PONTO],0)),0)) | AD67: =IF(Y67="","",IFERROR(1-ABS(Y67-Z67)/$B$31,0)) | AE67: =IF(X67="","",IF($E$9>$E$8,IFERROR((INDEX(GERAL[SNAP],34)-$E$8)/($E$9-$E$8),0),0)) | AF67: =IF(OR(X67="",AG67<>"DIREITO"),"",$L$2*IFERROR(Y67/$B$31,0)+$L$3*IF($D$31>0,IFERROR(AC67/$D$31,0),0)+$L$4*IFERROR(AD67,0)-$L$5*IFERROR(AE67,0)-$L$6*MAX(0,IFERROR(AB67,0)-$L$7)+ROW()/1000000) | AG67: =IFERROR(INDEX(GERAL[LADO],34),"")
M68: =IFERROR(INDEX(GERAL[PONTO],55),"") | N68: =IF(M68="","",IFERROR(INDEX(GERAL[ACUMULADA],55),0)) | O68: =IF(N68="","",$B$11-N68) | P68: =IF(N68="","",IF(N68*1.15<=30,30,IF(N68*1.15<=45,45,IF(N68*1.15<=75,75,IF(N68*1.15<=112.5,112.5,IF(N68*1.15<=150,150,IF(N68*1.15<=225,225,300))))))) | Q68: =IF(P68="","",IFERROR(N68/P68,0)) | R68: =IF(M68="","",IFERROR(INDEX(Tabela7[QT %],MATCH(M68,Tabela7[PONTO],0)),0)) | S68: =IF(N68="","",IFERROR(1-ABS(N68-O68)/$B$11,0)) | T68: =IF(M68="","",IF($B$9>$B$8,IFERROR((INDEX(GERAL[SNAP],55)-$B$8)/($B$9-$B$8),0),0)) | U68: =IF(OR(M68="",V68<>"ESQUERDO"),"",$L$2*IFERROR(N68/$B$11,0)+$L$3*IF($D$11>0,IFERROR(R68/$D$11,0),0)+$L$4*IFERROR(S68,0)-$L$5*IFERROR(T68,0)-$L$6*MAX(0,IFERROR(Q68,0)-$L$7)+ROW()/1000000) | V68: =IFERROR(INDEX(GERAL[LADO],55),"") | X68: =IFERROR(INDEX(GERAL[PONTO],35),"") | Y68: =IF(X68="","",IFERROR(INDEX(GERAL[ACUMULADA],35),0)) | Z68: =IF(Y68="","",$B$31-Y68) | AA68: =IF(Y68="","",IF(Y68*1.15<=30,30,IF(Y68*1.15<=45,45,IF(Y68*1.15<=75,75,IF(Y68*1.15<=112.5,112.5,IF(Y68*1.15<=150,150,IF(Y68*1.15<=225,225,300))))))) | AB68: =IF(AA68="","",IFERROR(Y68/AA68,0)) | AC68: =IF(X68="","",IFERROR(INDEX(DIR_ATUAL[QT %],MATCH(X68,DIR_ATUAL[PONTO],0)),0)) | AD68: =IF(Y68="","",IFERROR(1-ABS(Y68-Z68)/$B$31,0)) | AE68: =IF(X68="","",IF($E$9>$E$8,IFERROR((INDEX(GERAL[SNAP],35)-$E$8)/($E$9-$E$8),0),0)) | AF68: =IF(OR(X68="",AG68<>"DIREITO"),"",$L$2*IFERROR(Y68/$B$31,0)+$L$3*IF($D$31>0,IFERROR(AC68/$D$31,0),0)+$L$4*IFERROR(AD68,0)-$L$5*IFERROR(AE68,0)-$L$6*MAX(0,IFERROR(AB68,0)-$L$7)+ROW()/1000000) | AG68: =IFERROR(INDEX(GERAL[LADO],35),"")
M69: =IFERROR(INDEX(GERAL[PONTO],56),"") | N69: =IF(M69="","",IFERROR(INDEX(GERAL[ACUMULADA],56),0)) | O69: =IF(N69="","",$B$11-N69) | P69: =IF(N69="","",IF(N69*1.15<=30,30,IF(N69*1.15<=45,45,IF(N69*1.15<=75,75,IF(N69*1.15<=112.5,112.5,IF(N69*1.15<=150,150,IF(N69*1.15<=225,225,300))))))) | Q69: =IF(P69="","",IFERROR(N69/P69,0)) | R69: =IF(M69="","",IFERROR(INDEX(Tabela7[QT %],MATCH(M69,Tabela7[PONTO],0)),0)) | S69: =IF(N69="","",IFERROR(1-ABS(N69-O69)/$B$11,0)) | T69: =IF(M69="","",IF($B$9>$B$8,IFERROR((INDEX(GERAL[SNAP],56)-$B$8)/($B$9-$B$8),0),0)) | U69: =IF(OR(M69="",V69<>"ESQUERDO"),"",$L$2*IFERROR(N69/$B$11,0)+$L$3*IF($D$11>0,IFERROR(R69/$D$11,0),0)+$L$4*IFERROR(S69,0)-$L$5*IFERROR(T69,0)-$L$6*MAX(0,IFERROR(Q69,0)-$L$7)+ROW()/1000000) | V69: =IFERROR(INDEX(GERAL[LADO],56),"") | X69: =IFERROR(INDEX(GERAL[PONTO],36),"") | Y69: =IF(X69="","",IFERROR(INDEX(GERAL[ACUMULADA],36),0)) | Z69: =IF(Y69="","",$B$31-Y69) | AA69: =IF(Y69="","",IF(Y69*1.15<=30,30,IF(Y69*1.15<=45,45,IF(Y69*1.15<=75,75,IF(Y69*1.15<=112.5,112.5,IF(Y69*1.15<=150,150,IF(Y69*1.15<=225,225,300))))))) | AB69: =IF(AA69="","",IFERROR(Y69/AA69,0)) | AC69: =IF(X69="","",IFERROR(INDEX(DIR_ATUAL[QT %],MATCH(X69,DIR_ATUAL[PONTO],0)),0)) | AD69: =IF(Y69="","",IFERROR(1-ABS(Y69-Z69)/$B$31,0)) | AE69: =IF(X69="","",IF($E$9>$E$8,IFERROR((INDEX(GERAL[SNAP],36)-$E$8)/($E$9-$E$8),0),0)) | AF69: =IF(OR(X69="",AG69<>"DIREITO"),"",$L$2*IFERROR(Y69/$B$31,0)+$L$3*IF($D$31>0,IFERROR(AC69/$D$31,0),0)+$L$4*IFERROR(AD69,0)-$L$5*IFERROR(AE69,0)-$L$6*MAX(0,IFERROR(AB69,0)-$L$7)+ROW()/1000000) | AG69: =IFERROR(INDEX(GERAL[LADO],36),"")
M70: =IFERROR(INDEX(GERAL[PONTO],57),"") | N70: =IF(M70="","",IFERROR(INDEX(GERAL[ACUMULADA],57),0)) | O70: =IF(N70="","",$B$11-N70) | P70: =IF(N70="","",IF(N70*1.15<=30,30,IF(N70*1.15<=45,45,IF(N70*1.15<=75,75,IF(N70*1.15<=112.5,112.5,IF(N70*1.15<=150,150,IF(N70*1.15<=225,225,300))))))) | Q70: =IF(P70="","",IFERROR(N70/P70,0)) | R70: =IF(M70="","",IFERROR(INDEX(Tabela7[QT %],MATCH(M70,Tabela7[PONTO],0)),0)) | S70: =IF(N70="","",IFERROR(1-ABS(N70-O70)/$B$11,0)) | T70: =IF(M70="","",IF($B$9>$B$8,IFERROR((INDEX(GERAL[SNAP],57)-$B$8)/($B$9-$B$8),0),0)) | U70: =IF(OR(M70="",V70<>"ESQUERDO"),"",$L$2*IFERROR(N70/$B$11,0)+$L$3*IF($D$11>0,IFERROR(R70/$D$11,0),0)+$L$4*IFERROR(S70,0)-$L$5*IFERROR(T70,0)-$L$6*MAX(0,IFERROR(Q70,0)-$L$7)+ROW()/1000000) | V70: =IFERROR(INDEX(GERAL[LADO],57),"") | X70: =IFERROR(INDEX(GERAL[PONTO],37),"") | Y70: =IF(X70="","",IFERROR(INDEX(GERAL[ACUMULADA],37),0)) | Z70: =IF(Y70="","",$B$31-Y70) | AA70: =IF(Y70="","",IF(Y70*1.15<=30,30,IF(Y70*1.15<=45,45,IF(Y70*1.15<=75,75,IF(Y70*1.15<=112.5,112.5,IF(Y70*1.15<=150,150,IF(Y70*1.15<=225,225,300))))))) | AB70: =IF(AA70="","",IFERROR(Y70/AA70,0)) | AC70: =IF(X70="","",IFERROR(INDEX(DIR_ATUAL[QT %],MATCH(X70,DIR_ATUAL[PONTO],0)),0)) | AD70: =IF(Y70="","",IFERROR(1-ABS(Y70-Z70)/$B$31,0)) | AE70: =IF(X70="","",IF($E$9>$E$8,IFERROR((INDEX(GERAL[SNAP],37)-$E$8)/($E$9-$E$8),0),0)) | AF70: =IF(OR(X70="",AG70<>"DIREITO"),"",$L$2*IFERROR(Y70/$B$31,0)+$L$3*IF($D$31>0,IFERROR(AC70/$D$31,0),0)+$L$4*IFERROR(AD70,0)-$L$5*IFERROR(AE70,0)-$L$6*MAX(0,IFERROR(AB70,0)-$L$7)+ROW()/1000000) | AG70: =IFERROR(INDEX(GERAL[LADO],37),"")
M71: =IFERROR(INDEX(GERAL[PONTO],58),"") | N71: =IF(M71="","",IFERROR(INDEX(GERAL[ACUMULADA],58),0)) | O71: =IF(N71="","",$B$11-N71) | P71: =IF(N71="","",IF(N71*1.15<=30,30,IF(N71*1.15<=45,45,IF(N71*1.15<=75,75,IF(N71*1.15<=112.5,112.5,IF(N71*1.15<=150,150,IF(N71*1.15<=225,225,300))))))) | Q71: =IF(P71="","",IFERROR(N71/P71,0)) | R71: =IF(M71="","",IFERROR(INDEX(Tabela7[QT %],MATCH(M71,Tabela7[PONTO],0)),0)) | S71: =IF(N71="","",IFERROR(1-ABS(N71-O71)/$B$11,0)) | T71: =IF(M71="","",IF($B$9>$B$8,IFERROR((INDEX(GERAL[SNAP],58)-$B$8)/($B$9-$B$8),0),0)) | U71: =IF(OR(M71="",V71<>"ESQUERDO"),"",$L$2*IFERROR(N71/$B$11,0)+$L$3*IF($D$11>0,IFERROR(R71/$D$11,0),0)+$L$4*IFERROR(S71,0)-$L$5*IFERROR(T71,0)-$L$6*MAX(0,IFERROR(Q71,0)-$L$7)+ROW()/1000000) | V71: =IFERROR(INDEX(GERAL[LADO],58),"") | X71: =IFERROR(INDEX(GERAL[PONTO],38),"") | Y71: =IF(X71="","",IFERROR(INDEX(GERAL[ACUMULADA],38),0)) | Z71: =IF(Y71="","",$B$31-Y71) | AA71: =IF(Y71="","",IF(Y71*1.15<=30,30,IF(Y71*1.15<=45,45,IF(Y71*1.15<=75,75,IF(Y71*1.15<=112.5,112.5,IF(Y71*1.15<=150,150,IF(Y71*1.15<=225,225,300))))))) | AB71: =IF(AA71="","",IFERROR(Y71/AA71,0)) | AC71: =IF(X71="","",IFERROR(INDEX(DIR_ATUAL[QT %],MATCH(X71,DIR_ATUAL[PONTO],0)),0)) | AD71: =IF(Y71="","",IFERROR(1-ABS(Y71-Z71)/$B$31,0)) | AE71: =IF(X71="","",IF($E$9>$E$8,IFERROR((INDEX(GERAL[SNAP],38)-$E$8)/($E$9-$E$8),0),0)) | AF71: =IF(OR(X71="",AG71<>"DIREITO"),"",$L$2*IFERROR(Y71/$B$31,0)+$L$3*IF($D$31>0,IFERROR(AC71/$D$31,0),0)+$L$4*IFERROR(AD71,0)-$L$5*IFERROR(AE71,0)-$L$6*MAX(0,IFERROR(AB71,0)-$L$7)+ROW()/1000000) | AG71: =IFERROR(INDEX(GERAL[LADO],38),"")
M72: =IFERROR(INDEX(GERAL[PONTO],59),"") | N72: =IF(M72="","",IFERROR(INDEX(GERAL[ACUMULADA],59),0)) | O72: =IF(N72="","",$B$11-N72) | P72: =IF(N72="","",IF(N72*1.15<=30,30,IF(N72*1.15<=45,45,IF(N72*1.15<=75,75,IF(N72*1.15<=112.5,112.5,IF(N72*1.15<=150,150,IF(N72*1.15<=225,225,300))))))) | Q72: =IF(P72="","",IFERROR(N72/P72,0)) | R72: =IF(M72="","",IFERROR(INDEX(Tabela7[QT %],MATCH(M72,Tabela7[PONTO],0)),0)) | S72: =IF(N72="","",IFERROR(1-ABS(N72-O72)/$B$11,0)) | T72: =IF(M72="","",IF($B$9>$B$8,IFERROR((INDEX(GERAL[SNAP],59)-$B$8)/($B$9-$B$8),0),0)) | U72: =IF(OR(M72="",V72<>"ESQUERDO"),"",$L$2*IFERROR(N72/$B$11,0)+$L$3*IF($D$11>0,IFERROR(R72/$D$11,0),0)+$L$4*IFERROR(S72,0)-$L$5*IFERROR(T72,0)-$L$6*MAX(0,IFERROR(Q72,0)-$L$7)+ROW()/1000000) | V72: =IFERROR(INDEX(GERAL[LADO],59),"") | X72: =IFERROR(INDEX(GERAL[PONTO],39),"") | Y72: =IF(X72="","",IFERROR(INDEX(GERAL[ACUMULADA],39),0)) | Z72: =IF(Y72="","",$B$31-Y72) | AA72: =IF(Y72="","",IF(Y72*1.15<=30,30,IF(Y72*1.15<=45,45,IF(Y72*1.15<=75,75,IF(Y72*1.15<=112.5,112.5,IF(Y72*1.15<=150,150,IF(Y72*1.15<=225,225,300))))))) | AB72: =IF(AA72="","",IFERROR(Y72/AA72,0)) | AC72: =IF(X72="","",IFERROR(INDEX(DIR_ATUAL[QT %],MATCH(X72,DIR_ATUAL[PONTO],0)),0)) | AD72: =IF(Y72="","",IFERROR(1-ABS(Y72-Z72)/$B$31,0)) | AE72: =IF(X72="","",IF($E$9>$E$8,IFERROR((INDEX(GERAL[SNAP],39)-$E$8)/($E$9-$E$8),0),0)) | AF72: =IF(OR(X72="",AG72<>"DIREITO"),"",$L$2*IFERROR(Y72/$B$31,0)+$L$3*IF($D$31>0,IFERROR(AC72/$D$31,0),0)+$L$4*IFERROR(AD72,0)-$L$5*IFERROR(AE72,0)-$L$6*MAX(0,IFERROR(AB72,0)-$L$7)+ROW()/1000000) | AG72: =IFERROR(INDEX(GERAL[LADO],39),"")
M73: =IFERROR(INDEX(GERAL[PONTO],60),"") | N73: =IF(M73="","",IFERROR(INDEX(GERAL[ACUMULADA],60),0)) | O73: =IF(N73="","",$B$11-N73) | P73: =IF(N73="","",IF(N73*1.15<=30,30,IF(N73*1.15<=45,45,IF(N73*1.15<=75,75,IF(N73*1.15<=112.5,112.5,IF(N73*1.15<=150,150,IF(N73*1.15<=225,225,300))))))) | Q73: =IF(P73="","",IFERROR(N73/P73,0)) | R73: =IF(M73="","",IFERROR(INDEX(Tabela7[QT %],MATCH(M73,Tabela7[PONTO],0)),0)) | S73: =IF(N73="","",IFERROR(1-ABS(N73-O73)/$B$11,0)) | T73: =IF(M73="","",IF($B$9>$B$8,IFERROR((INDEX(GERAL[SNAP],60)-$B$8)/($B$9-$B$8),0),0)) | U73: =IF(OR(M73="",V73<>"ESQUERDO"),"",$L$2*IFERROR(N73/$B$11,0)+$L$3*IF($D$11>0,IFERROR(R73/$D$11,0),0)+$L$4*IFERROR(S73,0)-$L$5*IFERROR(T73,0)-$L$6*MAX(0,IFERROR(Q73,0)-$L$7)+ROW()/1000000) | V73: =IFERROR(INDEX(GERAL[LADO],60),"") | X73: =IFERROR(INDEX(GERAL[PONTO],40),"") | Y73: =IF(X73="","",IFERROR(INDEX(GERAL[ACUMULADA],40),0)) | Z73: =IF(Y73="","",$B$31-Y73) | AA73: =IF(Y73="","",IF(Y73*1.15<=30,30,IF(Y73*1.15<=45,45,IF(Y73*1.15<=75,75,IF(Y73*1.15<=112.5,112.5,IF(Y73*1.15<=150,150,IF(Y73*1.15<=225,225,300))))))) | AB73: =IF(AA73="","",IFERROR(Y73/AA73,0)) | AC73: =IF(X73="","",IFERROR(INDEX(DIR_ATUAL[QT %],MATCH(X73,DIR_ATUAL[PONTO],0)),0)) | AD73: =IF(Y73="","",IFERROR(1-ABS(Y73-Z73)/$B$31,0)) | AE73: =IF(X73="","",IF($E$9>$E$8,IFERROR((INDEX(GERAL[SNAP],40)-$E$8)/($E$9-$E$8),0),0)) | AF73: =IF(OR(X73="",AG73<>"DIREITO"),"",$L$2*IFERROR(Y73/$B$31,0)+$L$3*IF($D$31>0,IFERROR(AC73/$D$31,0),0)+$L$4*IFERROR(AD73,0)-$L$5*IFERROR(AE73,0)-$L$6*MAX(0,IFERROR(AB73,0)-$L$7)+ROW()/1000000) | AG73: =IFERROR(INDEX(GERAL[LADO],40),"")
M74: =IFERROR(INDEX(GERAL[PONTO],61),"") | N74: =IF(M74="","",IFERROR(INDEX(GERAL[ACUMULADA],61),0)) | O74: =IF(N74="","",$B$11-N74) | P74: =IF(N74="","",IF(N74*1.15<=30,30,IF(N74*1.15<=45,45,IF(N74*1.15<=75,75,IF(N74*1.15<=112.5,112.5,IF(N74*1.15<=150,150,IF(N74*1.15<=225,225,300))))))) | Q74: =IF(P74="","",IFERROR(N74/P74,0)) | R74: =IF(M74="","",IFERROR(INDEX(Tabela7[QT %],MATCH(M74,Tabela7[PONTO],0)),0)) | S74: =IF(N74="","",IFERROR(1-ABS(N74-O74)/$B$11,0)) | T74: =IF(M74="","",IF($B$9>$B$8,IFERROR((INDEX(GERAL[SNAP],61)-$B$8)/($B$9-$B$8),0),0)) | U74: =IF(OR(M74="",V74<>"ESQUERDO"),"",$L$2*IFERROR(N74/$B$11,0)+$L$3*IF($D$11>0,IFERROR(R74/$D$11,0),0)+$L$4*IFERROR(S74,0)-$L$5*IFERROR(T74,0)-$L$6*MAX(0,IFERROR(Q74,0)-$L$7)+ROW()/1000000) | V74: =IFERROR(INDEX(GERAL[LADO],61),"") | X74: =IFERROR(INDEX(GERAL[PONTO],41),"") | Y74: =IF(X74="","",IFERROR(INDEX(GERAL[ACUMULADA],41),0)) | Z74: =IF(Y74="","",$B$31-Y74) | AA74: =IF(Y74="","",IF(Y74*1.15<=30,30,IF(Y74*1.15<=45,45,IF(Y74*1.15<=75,75,IF(Y74*1.15<=112.5,112.5,IF(Y74*1.15<=150,150,IF(Y74*1.15<=225,225,300))))))) | AB74: =IF(AA74="","",IFERROR(Y74/AA74,0)) | AC74: =IF(X74="","",IFERROR(INDEX(DIR_ATUAL[QT %],MATCH(X74,DIR_ATUAL[PONTO],0)),0)) | AD74: =IF(Y74="","",IFERROR(1-ABS(Y74-Z74)/$B$31,0)) | AE74: =IF(X74="","",IF($E$9>$E$8,IFERROR((INDEX(GERAL[SNAP],41)-$E$8)/($E$9-$E$8),0),0)) | AF74: =IF(OR(X74="",AG74<>"DIREITO"),"",$L$2*IFERROR(Y74/$B$31,0)+$L$3*IF($D$31>0,IFERROR(AC74/$D$31,0),0)+$L$4*IFERROR(AD74,0)-$L$5*IFERROR(AE74,0)-$L$6*MAX(0,IFERROR(AB74,0)-$L$7)+ROW()/1000000) | AG74: =IFERROR(INDEX(GERAL[LADO],41),"")
M75: =IFERROR(INDEX(GERAL[PONTO],62),"") | N75: =IF(M75="","",IFERROR(INDEX(GERAL[ACUMULADA],62),0)) | O75: =IF(N75="","",$B$11-N75) | P75: =IF(N75="","",IF(N75*1.15<=30,30,IF(N75*1.15<=45,45,IF(N75*1.15<=75,75,IF(N75*1.15<=112.5,112.5,IF(N75*1.15<=150,150,IF(N75*1.15<=225,225,300))))))) | Q75: =IF(P75="","",IFERROR(N75/P75,0)) | R75: =IF(M75="","",IFERROR(INDEX(Tabela7[QT %],MATCH(M75,Tabela7[PONTO],0)),0)) | S75: =IF(N75="","",IFERROR(1-ABS(N75-O75)/$B$11,0)) | T75: =IF(M75="","",IF($B$9>$B$8,IFERROR((INDEX(GERAL[SNAP],62)-$B$8)/($B$9-$B$8),0),0)) | U75: =IF(OR(M75="",V75<>"ESQUERDO"),"",$L$2*IFERROR(N75/$B$11,0)+$L$3*IF($D$11>0,IFERROR(R75/$D$11,0),0)+$L$4*IFERROR(S75,0)-$L$5*IFERROR(T75,0)-$L$6*MAX(0,IFERROR(Q75,0)-$L$7)+ROW()/1000000) | V75: =IFERROR(INDEX(GERAL[LADO],62),"") | X75: =IFERROR(INDEX(GERAL[PONTO],42),"") | Y75: =IF(X75="","",IFERROR(INDEX(GERAL[ACUMULADA],42),0)) | Z75: =IF(Y75="","",$B$31-Y75) | AA75: =IF(Y75="","",IF(Y75*1.15<=30,30,IF(Y75*1.15<=45,45,IF(Y75*1.15<=75,75,IF(Y75*1.15<=112.5,112.5,IF(Y75*1.15<=150,150,IF(Y75*1.15<=225,225,300))))))) | AB75: =IF(AA75="","",IFERROR(Y75/AA75,0)) | AC75: =IF(X75="","",IFERROR(INDEX(DIR_ATUAL[QT %],MATCH(X75,DIR_ATUAL[PONTO],0)),0)) | AD75: =IF(Y75="","",IFERROR(1-ABS(Y75-Z75)/$B$31,0)) | AE75: =IF(X75="","",IF($E$9>$E$8,IFERROR((INDEX(GERAL[SNAP],42)-$E$8)/($E$9-$E$8),0),0)) | AF75: =IF(OR(X75="",AG75<>"DIREITO"),"",$L$2*IFERROR(Y75/$B$31,0)+$L$3*IF($D$31>0,IFERROR(AC75/$D$31,0),0)+$L$4*IFERROR(AD75,0)-$L$5*IFERROR(AE75,0)-$L$6*MAX(0,IFERROR(AB75,0)-$L$7)+ROW()/1000000) | AG75: =IFERROR(INDEX(GERAL[LADO],42),"")
M76: =IFERROR(INDEX(GERAL[PONTO],63),"") | N76: =IF(M76="","",IFERROR(INDEX(GERAL[ACUMULADA],63),0)) | O76: =IF(N76="","",$B$11-N76) | P76: =IF(N76="","",IF(N76*1.15<=30,30,IF(N76*1.15<=45,45,IF(N76*1.15<=75,75,IF(N76*1.15<=112.5,112.5,IF(N76*1.15<=150,150,IF(N76*1.15<=225,225,300))))))) | Q76: =IF(P76="","",IFERROR(N76/P76,0)) | R76: =IF(M76="","",IFERROR(INDEX(Tabela7[QT %],MATCH(M76,Tabela7[PONTO],0)),0)) | S76: =IF(N76="","",IFERROR(1-ABS(N76-O76)/$B$11,0)) | T76: =IF(M76="","",IF($B$9>$B$8,IFERROR((INDEX(GERAL[SNAP],63)-$B$8)/($B$9-$B$8),0),0)) | U76: =IF(OR(M76="",V76<>"ESQUERDO"),"",$L$2*IFERROR(N76/$B$11,0)+$L$3*IF($D$11>0,IFERROR(R76/$D$11,0),0)+$L$4*IFERROR(S76,0)-$L$5*IFERROR(T76,0)-$L$6*MAX(0,IFERROR(Q76,0)-$L$7)+ROW()/1000000) | V76: =IFERROR(INDEX(GERAL[LADO],63),"") | X76: =IFERROR(INDEX(GERAL[PONTO],43),"") | Y76: =IF(X76="","",IFERROR(INDEX(GERAL[ACUMULADA],43),0)) | Z76: =IF(Y76="","",$B$31-Y76) | AA76: =IF(Y76="","",IF(Y76*1.15<=30,30,IF(Y76*1.15<=45,45,IF(Y76*1.15<=75,75,IF(Y76*1.15<=112.5,112.5,IF(Y76*1.15<=150,150,IF(Y76*1.15<=225,225,300))))))) | AB76: =IF(AA76="","",IFERROR(Y76/AA76,0)) | AC76: =IF(X76="","",IFERROR(INDEX(DIR_ATUAL[QT %],MATCH(X76,DIR_ATUAL[PONTO],0)),0)) | AD76: =IF(Y76="","",IFERROR(1-ABS(Y76-Z76)/$B$31,0)) | AE76: =IF(X76="","",IF($E$9>$E$8,IFERROR((INDEX(GERAL[SNAP],43)-$E$8)/($E$9-$E$8),0),0)) | AF76: =IF(OR(X76="",AG76<>"DIREITO"),"",$L$2*IFERROR(Y76/$B$31,0)+$L$3*IF($D$31>0,IFERROR(AC76/$D$31,0),0)+$L$4*IFERROR(AD76,0)-$L$5*IFERROR(AE76,0)-$L$6*MAX(0,IFERROR(AB76,0)-$L$7)+ROW()/1000000) | AG76: =IFERROR(INDEX(GERAL[LADO],43),"")
M77: =IFERROR(INDEX(GERAL[PONTO],64),"") | N77: =IF(M77="","",IFERROR(INDEX(GERAL[ACUMULADA],64),0)) | O77: =IF(N77="","",$B$11-N77) | P77: =IF(N77="","",IF(N77*1.15<=30,30,IF(N77*1.15<=45,45,IF(N77*1.15<=75,75,IF(N77*1.15<=112.5,112.5,IF(N77*1.15<=150,150,IF(N77*1.15<=225,225,300))))))) | Q77: =IF(P77="","",IFERROR(N77/P77,0)) | R77: =IF(M77="","",IFERROR(INDEX(Tabela7[QT %],MATCH(M77,Tabela7[PONTO],0)),0)) | S77: =IF(N77="","",IFERROR(1-ABS(N77-O77)/$B$11,0)) | T77: =IF(M77="","",IF($B$9>$B$8,IFERROR((INDEX(GERAL[SNAP],64)-$B$8)/($B$9-$B$8),0),0)) | U77: =IF(OR(M77="",V77<>"ESQUERDO"),"",$L$2*IFERROR(N77/$B$11,0)+$L$3*IF($D$11>0,IFERROR(R77/$D$11,0),0)+$L$4*IFERROR(S77,0)-$L$5*IFERROR(T77,0)-$L$6*MAX(0,IFERROR(Q77,0)-$L$7)+ROW()/1000000) | V77: =IFERROR(INDEX(GERAL[LADO],64),"") | X77: =IFERROR(INDEX(GERAL[PONTO],44),"") | Y77: =IF(X77="","",IFERROR(INDEX(GERAL[ACUMULADA],44),0)) | Z77: =IF(Y77="","",$B$31-Y77) | AA77: =IF(Y77="","",IF(Y77*1.15<=30,30,IF(Y77*1.15<=45,45,IF(Y77*1.15<=75,75,IF(Y77*1.15<=112.5,112.5,IF(Y77*1.15<=150,150,IF(Y77*1.15<=225,225,300))))))) | AB77: =IF(AA77="","",IFERROR(Y77/AA77,0)) | AC77: =IF(X77="","",IFERROR(INDEX(DIR_ATUAL[QT %],MATCH(X77,DIR_ATUAL[PONTO],0)),0)) | AD77: =IF(Y77="","",IFERROR(1-ABS(Y77-Z77)/$B$31,0)) | AE77: =IF(X77="","",IF($E$9>$E$8,IFERROR((INDEX(GERAL[SNAP],44)-$E$8)/($E$9-$E$8),0),0)) | AF77: =IF(OR(X77="",AG77<>"DIREITO"),"",$L$2*IFERROR(Y77/$B$31,0)+$L$3*IF($D$31>0,IFERROR(AC77/$D$31,0),0)+$L$4*IFERROR(AD77,0)-$L$5*IFERROR(AE77,0)-$L$6*MAX(0,IFERROR(AB77,0)-$L$7)+ROW()/1000000) | AG77: =IFERROR(INDEX(GERAL[LADO],44),"")
M78: =IFERROR(INDEX(GERAL[PONTO],65),"") | N78: =IF(M78="","",IFERROR(INDEX(GERAL[ACUMULADA],65),0)) | O78: =IF(N78="","",$B$11-N78) | P78: =IF(N78="","",IF(N78*1.15<=30,30,IF(N78*1.15<=45,45,IF(N78*1.15<=75,75,IF(N78*1.15<=112.5,112.5,IF(N78*1.15<=150,150,IF(N78*1.15<=225,225,300))))))) | Q78: =IF(P78="","",IFERROR(N78/P78,0)) | R78: =IF(M78="","",IFERROR(INDEX(Tabela7[QT %],MATCH(M78,Tabela7[PONTO],0)),0)) | S78: =IF(N78="","",IFERROR(1-ABS(N78-O78)/$B$11,0)) | T78: =IF(M78="","",IF($B$9>$B$8,IFERROR((INDEX(GERAL[SNAP],65)-$B$8)/($B$9-$B$8),0),0)) | U78: =IF(OR(M78="",V78<>"ESQUERDO"),"",$L$2*IFERROR(N78/$B$11,0)+$L$3*IF($D$11>0,IFERROR(R78/$D$11,0),0)+$L$4*IFERROR(S78,0)-$L$5*IFERROR(T78,0)-$L$6*MAX(0,IFERROR(Q78,0)-$L$7)+ROW()/1000000) | V78: =IFERROR(INDEX(GERAL[LADO],65),"") | X78: =IFERROR(INDEX(GERAL[PONTO],45),"") | Y78: =IF(X78="","",IFERROR(INDEX(GERAL[ACUMULADA],45),0)) | Z78: =IF(Y78="","",$B$31-Y78) | AA78: =IF(Y78="","",IF(Y78*1.15<=30,30,IF(Y78*1.15<=45,45,IF(Y78*1.15<=75,75,IF(Y78*1.15<=112.5,112.5,IF(Y78*1.15<=150,150,IF(Y78*1.15<=225,225,300))))))) | AB78: =IF(AA78="","",IFERROR(Y78/AA78,0)) | AC78: =IF(X78="","",IFERROR(INDEX(DIR_ATUAL[QT %],MATCH(X78,DIR_ATUAL[PONTO],0)),0)) | AD78: =IF(Y78="","",IFERROR(1-ABS(Y78-Z78)/$B$31,0)) | AE78: =IF(X78="","",IF($E$9>$E$8,IFERROR((INDEX(GERAL[SNAP],45)-$E$8)/($E$9-$E$8),0),0)) | AF78: =IF(OR(X78="",AG78<>"DIREITO"),"",$L$2*IFERROR(Y78/$B$31,0)+$L$3*IF($D$31>0,IFERROR(AC78/$D$31,0),0)+$L$4*IFERROR(AD78,0)-$L$5*IFERROR(AE78,0)-$L$6*MAX(0,IFERROR(AB78,0)-$L$7)+ROW()/1000000) | AG78: =IFERROR(INDEX(GERAL[LADO],45),"")
M79: =IFERROR(INDEX(GERAL[PONTO],66),"") | N79: =IF(M79="","",IFERROR(INDEX(GERAL[ACUMULADA],66),0)) | O79: =IF(N79="","",$B$11-N79) | P79: =IF(N79="","",IF(N79*1.15<=30,30,IF(N79*1.15<=45,45,IF(N79*1.15<=75,75,IF(N79*1.15<=112.5,112.5,IF(N79*1.15<=150,150,IF(N79*1.15<=225,225,300))))))) | Q79: =IF(P79="","",IFERROR(N79/P79,0)) | R79: =IF(M79="","",IFERROR(INDEX(Tabela7[QT %],MATCH(M79,Tabela7[PONTO],0)),0)) | S79: =IF(N79="","",IFERROR(1-ABS(N79-O79)/$B$11,0)) | T79: =IF(M79="","",IF($B$9>$B$8,IFERROR((INDEX(GERAL[SNAP],66)-$B$8)/($B$9-$B$8),0),0)) | U79: =IF(OR(M79="",V79<>"ESQUERDO"),"",$L$2*IFERROR(N79/$B$11,0)+$L$3*IF($D$11>0,IFERROR(R79/$D$11,0),0)+$L$4*IFERROR(S79,0)-$L$5*IFERROR(T79,0)-$L$6*MAX(0,IFERROR(Q79,0)-$L$7)+ROW()/1000000) | V79: =IFERROR(INDEX(GERAL[LADO],66),"") | X79: =IFERROR(INDEX(GERAL[PONTO],46),"") | Y79: =IF(X79="","",IFERROR(INDEX(GERAL[ACUMULADA],46),0)) | Z79: =IF(Y79="","",$B$31-Y79) | AA79: =IF(Y79="","",IF(Y79*1.15<=30,30,IF(Y79*1.15<=45,45,IF(Y79*1.15<=75,75,IF(Y79*1.15<=112.5,112.5,IF(Y79*1.15<=150,150,IF(Y79*1.15<=225,225,300))))))) | AB79: =IF(AA79="","",IFERROR(Y79/AA79,0)) | AC79: =IF(X79="","",IFERROR(INDEX(DIR_ATUAL[QT %],MATCH(X79,DIR_ATUAL[PONTO],0)),0)) | AD79: =IF(Y79="","",IFERROR(1-ABS(Y79-Z79)/$B$31,0)) | AE79: =IF(X79="","",IF($E$9>$E$8,IFERROR((INDEX(GERAL[SNAP],46)-$E$8)/($E$9-$E$8),0),0)) | AF79: =IF(OR(X79="",AG79<>"DIREITO"),"",$L$2*IFERROR(Y79/$B$31,0)+$L$3*IF($D$31>0,IFERROR(AC79/$D$31,0),0)+$L$4*IFERROR(AD79,0)-$L$5*IFERROR(AE79,0)-$L$6*MAX(0,IFERROR(AB79,0)-$L$7)+ROW()/1000000) | AG79: =IFERROR(INDEX(GERAL[LADO],46),"")
M80: =IFERROR(INDEX(GERAL[PONTO],67),"") | N80: =IF(M80="","",IFERROR(INDEX(GERAL[ACUMULADA],67),0)) | O80: =IF(N80="","",$B$11-N80) | P80: =IF(N80="","",IF(N80*1.15<=30,30,IF(N80*1.15<=45,45,IF(N80*1.15<=75,75,IF(N80*1.15<=112.5,112.5,IF(N80*1.15<=150,150,IF(N80*1.15<=225,225,300))))))) | Q80: =IF(P80="","",IFERROR(N80/P80,0)) | R80: =IF(M80="","",IFERROR(INDEX(Tabela7[QT %],MATCH(M80,Tabela7[PONTO],0)),0)) | S80: =IF(N80="","",IFERROR(1-ABS(N80-O80)/$B$11,0)) | T80: =IF(M80="","",IF($B$9>$B$8,IFERROR((INDEX(GERAL[SNAP],67)-$B$8)/($B$9-$B$8),0),0)) | U80: =IF(OR(M80="",V80<>"ESQUERDO"),"",$L$2*IFERROR(N80/$B$11,0)+$L$3*IF($D$11>0,IFERROR(R80/$D$11,0),0)+$L$4*IFERROR(S80,0)-$L$5*IFERROR(T80,0)-$L$6*MAX(0,IFERROR(Q80,0)-$L$7)+ROW()/1000000) | V80: =IFERROR(INDEX(GERAL[LADO],67),"") | X80: =IFERROR(INDEX(GERAL[PONTO],47),"") | Y80: =IF(X80="","",IFERROR(INDEX(GERAL[ACUMULADA],47),0)) | Z80: =IF(Y80="","",$B$31-Y80) | AA80: =IF(Y80="","",IF(Y80*1.15<=30,30,IF(Y80*1.15<=45,45,IF(Y80*1.15<=75,75,IF(Y80*1.15<=112.5,112.5,IF(Y80*1.15<=150,150,IF(Y80*1.15<=225,225,300))))))) | AB80: =IF(AA80="","",IFERROR(Y80/AA80,0)) | AC80: =IF(X80="","",IFERROR(INDEX(DIR_ATUAL[QT %],MATCH(X80,DIR_ATUAL[PONTO],0)),0)) | AD80: =IF(Y80="","",IFERROR(1-ABS(Y80-Z80)/$B$31,0)) | AE80: =IF(X80="","",IF($E$9>$E$8,IFERROR((INDEX(GERAL[SNAP],47)-$E$8)/($E$9-$E$8),0),0)) | AF80: =IF(OR(X80="",AG80<>"DIREITO"),"",$L$2*IFERROR(Y80/$B$31,0)+$L$3*IF($D$31>0,IFERROR(AC80/$D$31,0),0)+$L$4*IFERROR(AD80,0)-$L$5*IFERROR(AE80,0)-$L$6*MAX(0,IFERROR(AB80,0)-$L$7)+ROW()/1000000) | AG80: =IFERROR(INDEX(GERAL[LADO],47),"")
M81: =IFERROR(INDEX(GERAL[PONTO],68),"") | N81: =IF(M81="","",IFERROR(INDEX(GERAL[ACUMULADA],68),0)) | O81: =IF(N81="","",$B$11-N81) | P81: =IF(N81="","",IF(N81*1.15<=30,30,IF(N81*1.15<=45,45,IF(N81*1.15<=75,75,IF(N81*1.15<=112.5,112.5,IF(N81*1.15<=150,150,IF(N81*1.15<=225,225,300))))))) | Q81: =IF(P81="","",IFERROR(N81/P81,0)) | R81: =IF(M81="","",IFERROR(INDEX(Tabela7[QT %],MATCH(M81,Tabela7[PONTO],0)),0)) | S81: =IF(N81="","",IFERROR(1-ABS(N81-O81)/$B$11,0)) | T81: =IF(M81="","",IF($B$9>$B$8,IFERROR((INDEX(GERAL[SNAP],68)-$B$8)/($B$9-$B$8),0),0)) | U81: =IF(OR(M81="",V81<>"ESQUERDO"),"",$L$2*IFERROR(N81/$B$11,0)+$L$3*IF($D$11>0,IFERROR(R81/$D$11,0),0)+$L$4*IFERROR(S81,0)-$L$5*IFERROR(T81,0)-$L$6*MAX(0,IFERROR(Q81,0)-$L$7)+ROW()/1000000) | V81: =IFERROR(INDEX(GERAL[LADO],68),"") | X81: =IFERROR(INDEX(GERAL[PONTO],48),"") | Y81: =IF(X81="","",IFERROR(INDEX(GERAL[ACUMULADA],48),0)) | Z81: =IF(Y81="","",$B$31-Y81) | AA81: =IF(Y81="","",IF(Y81*1.15<=30,30,IF(Y81*1.15<=45,45,IF(Y81*1.15<=75,75,IF(Y81*1.15<=112.5,112.5,IF(Y81*1.15<=150,150,IF(Y81*1.15<=225,225,300))))))) | AB81: =IF(AA81="","",IFERROR(Y81/AA81,0)) | AC81: =IF(X81="","",IFERROR(INDEX(DIR_ATUAL[QT %],MATCH(X81,DIR_ATUAL[PONTO],0)),0)) | AD81: =IF(Y81="","",IFERROR(1-ABS(Y81-Z81)/$B$31,0)) | AE81: =IF(X81="","",IF($E$9>$E$8,IFERROR((INDEX(GERAL[SNAP],48)-$E$8)/($E$9-$E$8),0),0)) | AF81: =IF(OR(X81="",AG81<>"DIREITO"),"",$L$2*IFERROR(Y81/$B$31,0)+$L$3*IF($D$31>0,IFERROR(AC81/$D$31,0),0)+$L$4*IFERROR(AD81,0)-$L$5*IFERROR(AE81,0)-$L$6*MAX(0,IFERROR(AB81,0)-$L$7)+ROW()/1000000) | AG81: =IFERROR(INDEX(GERAL[LADO],48),"")
M82: =IFERROR(INDEX(GERAL[PONTO],69),"") | N82: =IF(M82="","",IFERROR(INDEX(GERAL[ACUMULADA],69),0)) | O82: =IF(N82="","",$B$11-N82) | P82: =IF(N82="","",IF(N82*1.15<=30,30,IF(N82*1.15<=45,45,IF(N82*1.15<=75,75,IF(N82*1.15<=112.5,112.5,IF(N82*1.15<=150,150,IF(N82*1.15<=225,225,300))))))) | Q82: =IF(P82="","",IFERROR(N82/P82,0)) | R82: =IF(M82="","",IFERROR(INDEX(Tabela7[QT %],MATCH(M82,Tabela7[PONTO],0)),0)) | S82: =IF(N82="","",IFERROR(1-ABS(N82-O82)/$B$11,0)) | T82: =IF(M82="","",IF($B$9>$B$8,IFERROR((INDEX(GERAL[SNAP],69)-$B$8)/($B$9-$B$8),0),0)) | U82: =IF(OR(M82="",V82<>"ESQUERDO"),"",$L$2*IFERROR(N82/$B$11,0)+$L$3*IF($D$11>0,IFERROR(R82/$D$11,0),0)+$L$4*IFERROR(S82,0)-$L$5*IFERROR(T82,0)-$L$6*MAX(0,IFERROR(Q82,0)-$L$7)+ROW()/1000000) | V82: =IFERROR(INDEX(GERAL[LADO],69),"") | X82: =IFERROR(INDEX(GERAL[PONTO],49),"") | Y82: =IF(X82="","",IFERROR(INDEX(GERAL[ACUMULADA],49),0)) | Z82: =IF(Y82="","",$B$31-Y82) | AA82: =IF(Y82="","",IF(Y82*1.15<=30,30,IF(Y82*1.15<=45,45,IF(Y82*1.15<=75,75,IF(Y82*1.15<=112.5,112.5,IF(Y82*1.15<=150,150,IF(Y82*1.15<=225,225,300))))))) | AB82: =IF(AA82="","",IFERROR(Y82/AA82,0)) | AC82: =IF(X82="","",IFERROR(INDEX(DIR_ATUAL[QT %],MATCH(X82,DIR_ATUAL[PONTO],0)),0)) | AD82: =IF(Y82="","",IFERROR(1-ABS(Y82-Z82)/$B$31,0)) | AE82: =IF(X82="","",IF($E$9>$E$8,IFERROR((INDEX(GERAL[SNAP],49)-$E$8)/($E$9-$E$8),0),0)) | AF82: =IF(OR(X82="",AG82<>"DIREITO"),"",$L$2*IFERROR(Y82/$B$31,0)+$L$3*IF($D$31>0,IFERROR(AC82/$D$31,0),0)+$L$4*IFERROR(AD82,0)-$L$5*IFERROR(AE82,0)-$L$6*MAX(0,IFERROR(AB82,0)-$L$7)+ROW()/1000000) | AG82: =IFERROR(INDEX(GERAL[LADO],49),"")
M83: =IFERROR(INDEX(GERAL[PONTO],70),"") | N83: =IF(M83="","",IFERROR(INDEX(GERAL[ACUMULADA],70),0)) | O83: =IF(N83="","",$B$11-N83) | P83: =IF(N83="","",IF(N83*1.15<=30,30,IF(N83*1.15<=45,45,IF(N83*1.15<=75,75,IF(N83*1.15<=112.5,112.5,IF(N83*1.15<=150,150,IF(N83*1.15<=225,225,300))))))) | Q83: =IF(P83="","",IFERROR(N83/P83,0)) | R83: =IF(M83="","",IFERROR(INDEX(Tabela7[QT %],MATCH(M83,Tabela7[PONTO],0)),0)) | S83: =IF(N83="","",IFERROR(1-ABS(N83-O83)/$B$11,0)) | T83: =IF(M83="","",IF($B$9>$B$8,IFERROR((INDEX(GERAL[SNAP],70)-$B$8)/($B$9-$B$8),0),0)) | U83: =IF(OR(M83="",V83<>"ESQUERDO"),"",$L$2*IFERROR(N83/$B$11,0)+$L$3*IF($D$11>0,IFERROR(R83/$D$11,0),0)+$L$4*IFERROR(S83,0)-$L$5*IFERROR(T83,0)-$L$6*MAX(0,IFERROR(Q83,0)-$L$7)+ROW()/1000000) | V83: =IFERROR(INDEX(GERAL[LADO],70),"") | X83: =IFERROR(INDEX(GERAL[PONTO],50),"") | Y83: =IF(X83="","",IFERROR(INDEX(GERAL[ACUMULADA],50),0)) | Z83: =IF(Y83="","",$B$31-Y83) | AA83: =IF(Y83="","",IF(Y83*1.15<=30,30,IF(Y83*1.15<=45,45,IF(Y83*1.15<=75,75,IF(Y83*1.15<=112.5,112.5,IF(Y83*1.15<=150,150,IF(Y83*1.15<=225,225,300))))))) | AB83: =IF(AA83="","",IFERROR(Y83/AA83,0)) | AC83: =IF(X83="","",IFERROR(INDEX(DIR_ATUAL[QT %],MATCH(X83,DIR_ATUAL[PONTO],0)),0)) | AD83: =IF(Y83="","",IFERROR(1-ABS(Y83-Z83)/$B$31,0)) | AE83: =IF(X83="","",IF($E$9>$E$8,IFERROR((INDEX(GERAL[SNAP],50)-$E$8)/($E$9-$E$8),0),0)) | AF83: =IF(OR(X83="",AG83<>"DIREITO"),"",$L$2*IFERROR(Y83/$B$31,0)+$L$3*IF($D$31>0,IFERROR(AC83/$D$31,0),0)+$L$4*IFERROR(AD83,0)-$L$5*IFERROR(AE83,0)-$L$6*MAX(0,IFERROR(AB83,0)-$L$7)+ROW()/1000000) | AG83: =IFERROR(INDEX(GERAL[LADO],50),"")
M84: =IFERROR(INDEX(GERAL[PONTO],71),"") | N84: =IF(M84="","",IFERROR(INDEX(GERAL[ACUMULADA],71),0)) | O84: =IF(N84="","",$B$11-N84) | P84: =IF(N84="","",IF(N84*1.15<=30,30,IF(N84*1.15<=45,45,IF(N84*1.15<=75,75,IF(N84*1.15<=112.5,112.5,IF(N84*1.15<=150,150,IF(N84*1.15<=225,225,300))))))) | Q84: =IF(P84="","",IFERROR(N84/P84,0)) | R84: =IF(M84="","",IFERROR(INDEX(Tabela7[QT %],MATCH(M84,Tabela7[PONTO],0)),0)) | S84: =IF(N84="","",IFERROR(1-ABS(N84-O84)/$B$11,0)) | T84: =IF(M84="","",IF($B$9>$B$8,IFERROR((INDEX(GERAL[SNAP],71)-$B$8)/($B$9-$B$8),0),0)) | U84: =IF(OR(M84="",V84<>"ESQUERDO"),"",$L$2*IFERROR(N84/$B$11,0)+$L$3*IF($D$11>0,IFERROR(R84/$D$11,0),0)+$L$4*IFERROR(S84,0)-$L$5*IFERROR(T84,0)-$L$6*MAX(0,IFERROR(Q84,0)-$L$7)+ROW()/1000000) | V84: =IFERROR(INDEX(GERAL[LADO],71),"") | X84: =IFERROR(INDEX(GERAL[PONTO],51),"") | Y84: =IF(X84="","",IFERROR(INDEX(GERAL[ACUMULADA],51),0)) | Z84: =IF(Y84="","",$B$31-Y84) | AA84: =IF(Y84="","",IF(Y84*1.15<=30,30,IF(Y84*1.15<=45,45,IF(Y84*1.15<=75,75,IF(Y84*1.15<=112.5,112.5,IF(Y84*1.15<=150,150,IF(Y84*1.15<=225,225,300))))))) | AB84: =IF(AA84="","",IFERROR(Y84/AA84,0)) | AC84: =IF(X84="","",IFERROR(INDEX(DIR_ATUAL[QT %],MATCH(X84,DIR_ATUAL[PONTO],0)),0)) | AD84: =IF(Y84="","",IFERROR(1-ABS(Y84-Z84)/$B$31,0)) | AE84: =IF(X84="","",IF($E$9>$E$8,IFERROR((INDEX(GERAL[SNAP],51)-$E$8)/($E$9-$E$8),0),0)) | AF84: =IF(OR(X84="",AG84<>"DIREITO"),"",$L$2*IFERROR(Y84/$B$31,0)+$L$3*IF($D$31>0,IFERROR(AC84/$D$31,0),0)+$L$4*IFERROR(AD84,0)-$L$5*IFERROR(AE84,0)-$L$6*MAX(0,IFERROR(AB84,0)-$L$7)+ROW()/1000000) | AG84: =IFERROR(INDEX(GERAL[LADO],51),"")
M85: =IFERROR(INDEX(GERAL[PONTO],72),"") | N85: =IF(M85="","",IFERROR(INDEX(GERAL[ACUMULADA],72),0)) | O85: =IF(N85="","",$B$11-N85) | P85: =IF(N85="","",IF(N85*1.15<=30,30,IF(N85*1.15<=45,45,IF(N85*1.15<=75,75,IF(N85*1.15<=112.5,112.5,IF(N85*1.15<=150,150,IF(N85*1.15<=225,225,300))))))) | Q85: =IF(P85="","",IFERROR(N85/P85,0)) | R85: =IF(M85="","",IFERROR(INDEX(Tabela7[QT %],MATCH(M85,Tabela7[PONTO],0)),0)) | S85: =IF(N85="","",IFERROR(1-ABS(N85-O85)/$B$11,0)) | T85: =IF(M85="","",IF($B$9>$B$8,IFERROR((INDEX(GERAL[SNAP],72)-$B$8)/($B$9-$B$8),0),0)) | U85: =IF(OR(M85="",V85<>"ESQUERDO"),"",$L$2*IFERROR(N85/$B$11,0)+$L$3*IF($D$11>0,IFERROR(R85/$D$11,0),0)+$L$4*IFERROR(S85,0)-$L$5*IFERROR(T85,0)-$L$6*MAX(0,IFERROR(Q85,0)-$L$7)+ROW()/1000000) | V85: =IFERROR(INDEX(GERAL[LADO],72),"") | X85: =IFERROR(INDEX(GERAL[PONTO],52),"") | Y85: =IF(X85="","",IFERROR(INDEX(GERAL[ACUMULADA],52),0)) | Z85: =IF(Y85="","",$B$31-Y85) | AA85: =IF(Y85="","",IF(Y85*1.15<=30,30,IF(Y85*1.15<=45,45,IF(Y85*1.15<=75,75,IF(Y85*1.15<=112.5,112.5,IF(Y85*1.15<=150,150,IF(Y85*1.15<=225,225,300))))))) | AB85: =IF(AA85="","",IFERROR(Y85/AA85,0)) | AC85: =IF(X85="","",IFERROR(INDEX(DIR_ATUAL[QT %],MATCH(X85,DIR_ATUAL[PONTO],0)),0)) | AD85: =IF(Y85="","",IFERROR(1-ABS(Y85-Z85)/$B$31,0)) | AE85: =IF(X85="","",IF($E$9>$E$8,IFERROR((INDEX(GERAL[SNAP],52)-$E$8)/($E$9-$E$8),0),0)) | AF85: =IF(OR(X85="",AG85<>"DIREITO"),"",$L$2*IFERROR(Y85/$B$31,0)+$L$3*IF($D$31>0,IFERROR(AC85/$D$31,0),0)+$L$4*IFERROR(AD85,0)-$L$5*IFERROR(AE85,0)-$L$6*MAX(0,IFERROR(AB85,0)-$L$7)+ROW()/1000000) | AG85: =IFERROR(INDEX(GERAL[LADO],52),"")
M86: =IFERROR(INDEX(GERAL[PONTO],73),"") | N86: =IF(M86="","",IFERROR(INDEX(GERAL[ACUMULADA],73),0)) | O86: =IF(N86="","",$B$11-N86) | P86: =IF(N86="","",IF(N86*1.15<=30,30,IF(N86*1.15<=45,45,IF(N86*1.15<=75,75,IF(N86*1.15<=112.5,112.5,IF(N86*1.15<=150,150,IF(N86*1.15<=225,225,300))))))) | Q86: =IF(P86="","",IFERROR(N86/P86,0)) | R86: =IF(M86="","",IFERROR(INDEX(Tabela7[QT %],MATCH(M86,Tabela7[PONTO],0)),0)) | S86: =IF(N86="","",IFERROR(1-ABS(N86-O86)/$B$11,0)) | T86: =IF(M86="","",IF($B$9>$B$8,IFERROR((INDEX(GERAL[SNAP],73)-$B$8)/($B$9-$B$8),0),0)) | U86: =IF(OR(M86="",V86<>"ESQUERDO"),"",$L$2*IFERROR(N86/$B$11,0)+$L$3*IF($D$11>0,IFERROR(R86/$D$11,0),0)+$L$4*IFERROR(S86,0)-$L$5*IFERROR(T86,0)-$L$6*MAX(0,IFERROR(Q86,0)-$L$7)+ROW()/1000000) | V86: =IFERROR(INDEX(GERAL[LADO],73),"") | X86: =IFERROR(INDEX(GERAL[PONTO],53),"") | Y86: =IF(X86="","",IFERROR(INDEX(GERAL[ACUMULADA],53),0)) | Z86: =IF(Y86="","",$B$31-Y86) | AA86: =IF(Y86="","",IF(Y86*1.15<=30,30,IF(Y86*1.15<=45,45,IF(Y86*1.15<=75,75,IF(Y86*1.15<=112.5,112.5,IF(Y86*1.15<=150,150,IF(Y86*1.15<=225,225,300))))))) | AB86: =IF(AA86="","",IFERROR(Y86/AA86,0)) | AC86: =IF(X86="","",IFERROR(INDEX(DIR_ATUAL[QT %],MATCH(X86,DIR_ATUAL[PONTO],0)),0)) | AD86: =IF(Y86="","",IFERROR(1-ABS(Y86-Z86)/$B$31,0)) | AE86: =IF(X86="","",IF($E$9>$E$8,IFERROR((INDEX(GERAL[SNAP],53)-$E$8)/($E$9-$E$8),0),0)) | AF86: =IF(OR(X86="",AG86<>"DIREITO"),"",$L$2*IFERROR(Y86/$B$31,0)+$L$3*IF($D$31>0,IFERROR(AC86/$D$31,0),0)+$L$4*IFERROR(AD86,0)-$L$5*IFERROR(AE86,0)-$L$6*MAX(0,IFERROR(AB86,0)-$L$7)+ROW()/1000000) | AG86: =IFERROR(INDEX(GERAL[LADO],53),"")
M87: =IFERROR(INDEX(GERAL[PONTO],74),"") | N87: =IF(M87="","",IFERROR(INDEX(GERAL[ACUMULADA],74),0)) | O87: =IF(N87="","",$B$11-N87) | P87: =IF(N87="","",IF(N87*1.15<=30,30,IF(N87*1.15<=45,45,IF(N87*1.15<=75,75,IF(N87*1.15<=112.5,112.5,IF(N87*1.15<=150,150,IF(N87*1.15<=225,225,300))))))) | Q87: =IF(P87="","",IFERROR(N87/P87,0)) | R87: =IF(M87="","",IFERROR(INDEX(Tabela7[QT %],MATCH(M87,Tabela7[PONTO],0)),0)) | S87: =IF(N87="","",IFERROR(1-ABS(N87-O87)/$B$11,0)) | T87: =IF(M87="","",IF($B$9>$B$8,IFERROR((INDEX(GERAL[SNAP],74)-$B$8)/($B$9-$B$8),0),0)) | U87: =IF(OR(M87="",V87<>"ESQUERDO"),"",$L$2*IFERROR(N87/$B$11,0)+$L$3*IF($D$11>0,IFERROR(R87/$D$11,0),0)+$L$4*IFERROR(S87,0)-$L$5*IFERROR(T87,0)-$L$6*MAX(0,IFERROR(Q87,0)-$L$7)+ROW()/1000000) | V87: =IFERROR(INDEX(GERAL[LADO],74),"") | X87: =IFERROR(INDEX(GERAL[PONTO],54),"") | Y87: =IF(X87="","",IFERROR(INDEX(GERAL[ACUMULADA],54),0)) | Z87: =IF(Y87="","",$B$31-Y87) | AA87: =IF(Y87="","",IF(Y87*1.15<=30,30,IF(Y87*1.15<=45,45,IF(Y87*1.15<=75,75,IF(Y87*1.15<=112.5,112.5,IF(Y87*1.15<=150,150,IF(Y87*1.15<=225,225,300))))))) | AB87: =IF(AA87="","",IFERROR(Y87/AA87,0)) | AC87: =IF(X87="","",IFERROR(INDEX(DIR_ATUAL[QT %],MATCH(X87,DIR_ATUAL[PONTO],0)),0)) | AD87: =IF(Y87="","",IFERROR(1-ABS(Y87-Z87)/$B$31,0)) | AE87: =IF(X87="","",IF($E$9>$E$8,IFERROR((INDEX(GERAL[SNAP],54)-$E$8)/($E$9-$E$8),0),0)) | AF87: =IF(OR(X87="",AG87<>"DIREITO"),"",$L$2*IFERROR(Y87/$B$31,0)+$L$3*IF($D$31>0,IFERROR(AC87/$D$31,0),0)+$L$4*IFERROR(AD87,0)-$L$5*IFERROR(AE87,0)-$L$6*MAX(0,IFERROR(AB87,0)-$L$7)+ROW()/1000000) | AG87: =IFERROR(INDEX(GERAL[LADO],54),"")
M88: =IFERROR(INDEX(GERAL[PONTO],75),"") | N88: =IF(M88="","",IFERROR(INDEX(GERAL[ACUMULADA],75),0)) | O88: =IF(N88="","",$B$11-N88) | P88: =IF(N88="","",IF(N88*1.15<=30,30,IF(N88*1.15<=45,45,IF(N88*1.15<=75,75,IF(N88*1.15<=112.5,112.5,IF(N88*1.15<=150,150,IF(N88*1.15<=225,225,300))))))) | Q88: =IF(P88="","",IFERROR(N88/P88,0)) | R88: =IF(M88="","",IFERROR(INDEX(Tabela7[QT %],MATCH(M88,Tabela7[PONTO],0)),0)) | S88: =IF(N88="","",IFERROR(1-ABS(N88-O88)/$B$11,0)) | T88: =IF(M88="","",IF($B$9>$B$8,IFERROR((INDEX(GERAL[SNAP],75)-$B$8)/($B$9-$B$8),0),0)) | U88: =IF(OR(M88="",V88<>"ESQUERDO"),"",$L$2*IFERROR(N88/$B$11,0)+$L$3*IF($D$11>0,IFERROR(R88/$D$11,0),0)+$L$4*IFERROR(S88,0)-$L$5*IFERROR(T88,0)-$L$6*MAX(0,IFERROR(Q88,0)-$L$7)+ROW()/1000000) | V88: =IFERROR(INDEX(GERAL[LADO],75),"") | X88: =IFERROR(INDEX(GERAL[PONTO],55),"") | Y88: =IF(X88="","",IFERROR(INDEX(GERAL[ACUMULADA],55),0)) | Z88: =IF(Y88="","",$B$31-Y88) | AA88: =IF(Y88="","",IF(Y88*1.15<=30,30,IF(Y88*1.15<=45,45,IF(Y88*1.15<=75,75,IF(Y88*1.15<=112.5,112.5,IF(Y88*1.15<=150,150,IF(Y88*1.15<=225,225,300))))))) | AB88: =IF(AA88="","",IFERROR(Y88/AA88,0)) | AC88: =IF(X88="","",IFERROR(INDEX(DIR_ATUAL[QT %],MATCH(X88,DIR_ATUAL[PONTO],0)),0)) | AD88: =IF(Y88="","",IFERROR(1-ABS(Y88-Z88)/$B$31,0)) | AE88: =IF(X88="","",IF($E$9>$E$8,IFERROR((INDEX(GERAL[SNAP],55)-$E$8)/($E$9-$E$8),0),0)) | AF88: =IF(OR(X88="",AG88<>"DIREITO"),"",$L$2*IFERROR(Y88/$B$31,0)+$L$3*IF($D$31>0,IFERROR(AC88/$D$31,0),0)+$L$4*IFERROR(AD88,0)-$L$5*IFERROR(AE88,0)-$L$6*MAX(0,IFERROR(AB88,0)-$L$7)+ROW()/1000000) | AG88: =IFERROR(INDEX(GERAL[LADO],55),"")
M89: =IFERROR(INDEX(GERAL[PONTO],76),"") | N89: =IF(M89="","",IFERROR(INDEX(GERAL[ACUMULADA],76),0)) | O89: =IF(N89="","",$B$11-N89) | P89: =IF(N89="","",IF(N89*1.15<=30,30,IF(N89*1.15<=45,45,IF(N89*1.15<=75,75,IF(N89*1.15<=112.5,112.5,IF(N89*1.15<=150,150,IF(N89*1.15<=225,225,300))))))) | Q89: =IF(P89="","",IFERROR(N89/P89,0)) | R89: =IF(M89="","",IFERROR(INDEX(Tabela7[QT %],MATCH(M89,Tabela7[PONTO],0)),0)) | S89: =IF(N89="","",IFERROR(1-ABS(N89-O89)/$B$11,0)) | T89: =IF(M89="","",IF($B$9>$B$8,IFERROR((INDEX(GERAL[SNAP],76)-$B$8)/($B$9-$B$8),0),0)) | U89: =IF(OR(M89="",V89<>"ESQUERDO"),"",$L$2*IFERROR(N89/$B$11,0)+$L$3*IF($D$11>0,IFERROR(R89/$D$11,0),0)+$L$4*IFERROR(S89,0)-$L$5*IFERROR(T89,0)-$L$6*MAX(0,IFERROR(Q89,0)-$L$7)+ROW()/1000000) | V89: =IFERROR(INDEX(GERAL[LADO],76),"") | X89: =IFERROR(INDEX(GERAL[PONTO],56),"") | Y89: =IF(X89="","",IFERROR(INDEX(GERAL[ACUMULADA],56),0)) | Z89: =IF(Y89="","",$B$31-Y89) | AA89: =IF(Y89="","",IF(Y89*1.15<=30,30,IF(Y89*1.15<=45,45,IF(Y89*1.15<=75,75,IF(Y89*1.15<=112.5,112.5,IF(Y89*1.15<=150,150,IF(Y89*1.15<=225,225,300))))))) | AB89: =IF(AA89="","",IFERROR(Y89/AA89,0)) | AC89: =IF(X89="","",IFERROR(INDEX(DIR_ATUAL[QT %],MATCH(X89,DIR_ATUAL[PONTO],0)),0)) | AD89: =IF(Y89="","",IFERROR(1-ABS(Y89-Z89)/$B$31,0)) | AE89: =IF(X89="","",IF($E$9>$E$8,IFERROR((INDEX(GERAL[SNAP],56)-$E$8)/($E$9-$E$8),0),0)) | AF89: =IF(OR(X89="",AG89<>"DIREITO"),"",$L$2*IFERROR(Y89/$B$31,0)+$L$3*IF($D$31>0,IFERROR(AC89/$D$31,0),0)+$L$4*IFERROR(AD89,0)-$L$5*IFERROR(AE89,0)-$L$6*MAX(0,IFERROR(AB89,0)-$L$7)+ROW()/1000000) | AG89: =IFERROR(INDEX(GERAL[LADO],56),"")
M90: =IFERROR(INDEX(GERAL[PONTO],77),"") | N90: =IF(M90="","",IFERROR(INDEX(GERAL[ACUMULADA],77),0)) | O90: =IF(N90="","",$B$11-N90) | P90: =IF(N90="","",IF(N90*1.15<=30,30,IF(N90*1.15<=45,45,IF(N90*1.15<=75,75,IF(N90*1.15<=112.5,112.5,IF(N90*1.15<=150,150,IF(N90*1.15<=225,225,300))))))) | Q90: =IF(P90="","",IFERROR(N90/P90,0)) | R90: =IF(M90="","",IFERROR(INDEX(Tabela7[QT %],MATCH(M90,Tabela7[PONTO],0)),0)) | S90: =IF(N90="","",IFERROR(1-ABS(N90-O90)/$B$11,0)) | T90: =IF(M90="","",IF($B$9>$B$8,IFERROR((INDEX(GERAL[SNAP],77)-$B$8)/($B$9-$B$8),0),0)) | U90: =IF(OR(M90="",V90<>"ESQUERDO"),"",$L$2*IFERROR(N90/$B$11,0)+$L$3*IF($D$11>0,IFERROR(R90/$D$11,0),0)+$L$4*IFERROR(S90,0)-$L$5*IFERROR(T90,0)-$L$6*MAX(0,IFERROR(Q90,0)-$L$7)+ROW()/1000000) | V90: =IFERROR(INDEX(GERAL[LADO],77),"") | X90: =IFERROR(INDEX(GERAL[PONTO],57),"") | Y90: =IF(X90="","",IFERROR(INDEX(GERAL[ACUMULADA],57),0)) | Z90: =IF(Y90="","",$B$31-Y90) | AA90: =IF(Y90="","",IF(Y90*1.15<=30,30,IF(Y90*1.15<=45,45,IF(Y90*1.15<=75,75,IF(Y90*1.15<=112.5,112.5,IF(Y90*1.15<=150,150,IF(Y90*1.15<=225,225,300))))))) | AB90: =IF(AA90="","",IFERROR(Y90/AA90,0)) | AC90: =IF(X90="","",IFERROR(INDEX(DIR_ATUAL[QT %],MATCH(X90,DIR_ATUAL[PONTO],0)),0)) | AD90: =IF(Y90="","",IFERROR(1-ABS(Y90-Z90)/$B$31,0)) | AE90: =IF(X90="","",IF($E$9>$E$8,IFERROR((INDEX(GERAL[SNAP],57)-$E$8)/($E$9-$E$8),0),0)) | AF90: =IF(OR(X90="",AG90<>"DIREITO"),"",$L$2*IFERROR(Y90/$B$31,0)+$L$3*IF($D$31>0,IFERROR(AC90/$D$31,0),0)+$L$4*IFERROR(AD90,0)-$L$5*IFERROR(AE90,0)-$L$6*MAX(0,IFERROR(AB90,0)-$L$7)+ROW()/1000000) | AG90: =IFERROR(INDEX(GERAL[LADO],57),"")
M91: =IFERROR(INDEX(GERAL[PONTO],78),"") | N91: =IF(M91="","",IFERROR(INDEX(GERAL[ACUMULADA],78),0)) | O91: =IF(N91="","",$B$11-N91) | P91: =IF(N91="","",IF(N91*1.15<=30,30,IF(N91*1.15<=45,45,IF(N91*1.15<=75,75,IF(N91*1.15<=112.5,112.5,IF(N91*1.15<=150,150,IF(N91*1.15<=225,225,300))))))) | Q91: =IF(P91="","",IFERROR(N91/P91,0)) | R91: =IF(M91="","",IFERROR(INDEX(Tabela7[QT %],MATCH(M91,Tabela7[PONTO],0)),0)) | S91: =IF(N91="","",IFERROR(1-ABS(N91-O91)/$B$11,0)) | T91: =IF(M91="","",IF($B$9>$B$8,IFERROR((INDEX(GERAL[SNAP],78)-$B$8)/($B$9-$B$8),0),0)) | U91: =IF(OR(M91="",V91<>"ESQUERDO"),"",$L$2*IFERROR(N91/$B$11,0)+$L$3*IF($D$11>0,IFERROR(R91/$D$11,0),0)+$L$4*IFERROR(S91,0)-$L$5*IFERROR(T91,0)-$L$6*MAX(0,IFERROR(Q91,0)-$L$7)+ROW()/1000000) | V91: =IFERROR(INDEX(GERAL[LADO],78),"") | X91: =IFERROR(INDEX(GERAL[PONTO],58),"") | Y91: =IF(X91="","",IFERROR(INDEX(GERAL[ACUMULADA],58),0)) | Z91: =IF(Y91="","",$B$31-Y91) | AA91: =IF(Y91="","",IF(Y91*1.15<=30,30,IF(Y91*1.15<=45,45,IF(Y91*1.15<=75,75,IF(Y91*1.15<=112.5,112.5,IF(Y91*1.15<=150,150,IF(Y91*1.15<=225,225,300))))))) | AB91: =IF(AA91="","",IFERROR(Y91/AA91,0)) | AC91: =IF(X91="","",IFERROR(INDEX(DIR_ATUAL[QT %],MATCH(X91,DIR_ATUAL[PONTO],0)),0)) | AD91: =IF(Y91="","",IFERROR(1-ABS(Y91-Z91)/$B$31,0)) | AE91: =IF(X91="","",IF($E$9>$E$8,IFERROR((INDEX(GERAL[SNAP],58)-$E$8)/($E$9-$E$8),0),0)) | AF91: =IF(OR(X91="",AG91<>"DIREITO"),"",$L$2*IFERROR(Y91/$B$31,0)+$L$3*IF($D$31>0,IFERROR(AC91/$D$31,0),0)+$L$4*IFERROR(AD91,0)-$L$5*IFERROR(AE91,0)-$L$6*MAX(0,IFERROR(AB91,0)-$L$7)+ROW()/1000000) | AG91: =IFERROR(INDEX(GERAL[LADO],58),"")
M92: =IFERROR(INDEX(GERAL[PONTO],79),"") | N92: =IF(M92="","",IFERROR(INDEX(GERAL[ACUMULADA],79),0)) | O92: =IF(N92="","",$B$11-N92) | P92: =IF(N92="","",IF(N92*1.15<=30,30,IF(N92*1.15<=45,45,IF(N92*1.15<=75,75,IF(N92*1.15<=112.5,112.5,IF(N92*1.15<=150,150,IF(N92*1.15<=225,225,300))))))) | Q92: =IF(P92="","",IFERROR(N92/P92,0)) | R92: =IF(M92="","",IFERROR(INDEX(Tabela7[QT %],MATCH(M92,Tabela7[PONTO],0)),0)) | S92: =IF(N92="","",IFERROR(1-ABS(N92-O92)/$B$11,0)) | T92: =IF(M92="","",IF($B$9>$B$8,IFERROR((INDEX(GERAL[SNAP],79)-$B$8)/($B$9-$B$8),0),0)) | U92: =IF(OR(M92="",V92<>"ESQUERDO"),"",$L$2*IFERROR(N92/$B$11,0)+$L$3*IF($D$11>0,IFERROR(R92/$D$11,0),0)+$L$4*IFERROR(S92,0)-$L$5*IFERROR(T92,0)-$L$6*MAX(0,IFERROR(Q92,0)-$L$7)+ROW()/1000000) | V92: =IFERROR(INDEX(GERAL[LADO],79),"") | X92: =IFERROR(INDEX(GERAL[PONTO],59),"") | Y92: =IF(X92="","",IFERROR(INDEX(GERAL[ACUMULADA],59),0)) | Z92: =IF(Y92="","",$B$31-Y92) | AA92: =IF(Y92="","",IF(Y92*1.15<=30,30,IF(Y92*1.15<=45,45,IF(Y92*1.15<=75,75,IF(Y92*1.15<=112.5,112.5,IF(Y92*1.15<=150,150,IF(Y92*1.15<=225,225,300))))))) | AB92: =IF(AA92="","",IFERROR(Y92/AA92,0)) | AC92: =IF(X92="","",IFERROR(INDEX(DIR_ATUAL[QT %],MATCH(X92,DIR_ATUAL[PONTO],0)),0)) | AD92: =IF(Y92="","",IFERROR(1-ABS(Y92-Z92)/$B$31,0)) | AE92: =IF(X92="","",IF($E$9>$E$8,IFERROR((INDEX(GERAL[SNAP],59)-$E$8)/($E$9-$E$8),0),0)) | AF92: =IF(OR(X92="",AG92<>"DIREITO"),"",$L$2*IFERROR(Y92/$B$31,0)+$L$3*IF($D$31>0,IFERROR(AC92/$D$31,0),0)+$L$4*IFERROR(AD92,0)-$L$5*IFERROR(AE92,0)-$L$6*MAX(0,IFERROR(AB92,0)-$L$7)+ROW()/1000000) | AG92: =IFERROR(INDEX(GERAL[LADO],59),"")
M93: =IFERROR(INDEX(GERAL[PONTO],80),"") | N93: =IF(M93="","",IFERROR(INDEX(GERAL[ACUMULADA],80),0)) | O93: =IF(N93="","",$B$11-N93) | P93: =IF(N93="","",IF(N93*1.15<=30,30,IF(N93*1.15<=45,45,IF(N93*1.15<=75,75,IF(N93*1.15<=112.5,112.5,IF(N93*1.15<=150,150,IF(N93*1.15<=225,225,300))))))) | Q93: =IF(P93="","",IFERROR(N93/P93,0)) | R93: =IF(M93="","",IFERROR(INDEX(Tabela7[QT %],MATCH(M93,Tabela7[PONTO],0)),0)) | S93: =IF(N93="","",IFERROR(1-ABS(N93-O93)/$B$11,0)) | T93: =IF(M93="","",IF($B$9>$B$8,IFERROR((INDEX(GERAL[SNAP],80)-$B$8)/($B$9-$B$8),0),0)) | U93: =IF(OR(M93="",V93<>"ESQUERDO"),"",$L$2*IFERROR(N93/$B$11,0)+$L$3*IF($D$11>0,IFERROR(R93/$D$11,0),0)+$L$4*IFERROR(S93,0)-$L$5*IFERROR(T93,0)-$L$6*MAX(0,IFERROR(Q93,0)-$L$7)+ROW()/1000000) | V93: =IFERROR(INDEX(GERAL[LADO],80),"") | X93: =IFERROR(INDEX(GERAL[PONTO],60),"") | Y93: =IF(X93="","",IFERROR(INDEX(GERAL[ACUMULADA],60),0)) | Z93: =IF(Y93="","",$B$31-Y93) | AA93: =IF(Y93="","",IF(Y93*1.15<=30,30,IF(Y93*1.15<=45,45,IF(Y93*1.15<=75,75,IF(Y93*1.15<=112.5,112.5,IF(Y93*1.15<=150,150,IF(Y93*1.15<=225,225,300))))))) | AB93: =IF(AA93="","",IFERROR(Y93/AA93,0)) | AC93: =IF(X93="","",IFERROR(INDEX(DIR_ATUAL[QT %],MATCH(X93,DIR_ATUAL[PONTO],0)),0)) | AD93: =IF(Y93="","",IFERROR(1-ABS(Y93-Z93)/$B$31,0)) | AE93: =IF(X93="","",IF($E$9>$E$8,IFERROR((INDEX(GERAL[SNAP],60)-$E$8)/($E$9-$E$8),0),0)) | AF93: =IF(OR(X93="",AG93<>"DIREITO"),"",$L$2*IFERROR(Y93/$B$31,0)+$L$3*IF($D$31>0,IFERROR(AC93/$D$31,0),0)+$L$4*IFERROR(AD93,0)-$L$5*IFERROR(AE93,0)-$L$6*MAX(0,IFERROR(AB93,0)-$L$7)+ROW()/1000000) | AG93: =IFERROR(INDEX(GERAL[LADO],60),"")
M94: =IFERROR(INDEX(GERAL[PONTO],81),"") | N94: =IF(M94="","",IFERROR(INDEX(GERAL[ACUMULADA],81),0)) | O94: =IF(N94="","",$B$11-N94) | P94: =IF(N94="","",IF(N94*1.15<=30,30,IF(N94*1.15<=45,45,IF(N94*1.15<=75,75,IF(N94*1.15<=112.5,112.5,IF(N94*1.15<=150,150,IF(N94*1.15<=225,225,300))))))) | Q94: =IF(P94="","",IFERROR(N94/P94,0)) | R94: =IF(M94="","",IFERROR(INDEX(Tabela7[QT %],MATCH(M94,Tabela7[PONTO],0)),0)) | S94: =IF(N94="","",IFERROR(1-ABS(N94-O94)/$B$11,0)) | T94: =IF(M94="","",IF($B$9>$B$8,IFERROR((INDEX(GERAL[SNAP],81)-$B$8)/($B$9-$B$8),0),0)) | U94: =IF(OR(M94="",V94<>"ESQUERDO"),"",$L$2*IFERROR(N94/$B$11,0)+$L$3*IF($D$11>0,IFERROR(R94/$D$11,0),0)+$L$4*IFERROR(S94,0)-$L$5*IFERROR(T94,0)-$L$6*MAX(0,IFERROR(Q94,0)-$L$7)+ROW()/1000000) | V94: =IFERROR(INDEX(GERAL[LADO],81),"") | X94: =IFERROR(INDEX(GERAL[PONTO],61),"") | Y94: =IF(X94="","",IFERROR(INDEX(GERAL[ACUMULADA],61),0)) | Z94: =IF(Y94="","",$B$31-Y94) | AA94: =IF(Y94="","",IF(Y94*1.15<=30,30,IF(Y94*1.15<=45,45,IF(Y94*1.15<=75,75,IF(Y94*1.15<=112.5,112.5,IF(Y94*1.15<=150,150,IF(Y94*1.15<=225,225,300))))))) | AB94: =IF(AA94="","",IFERROR(Y94/AA94,0)) | AC94: =IF(X94="","",IFERROR(INDEX(DIR_ATUAL[QT %],MATCH(X94,DIR_ATUAL[PONTO],0)),0)) | AD94: =IF(Y94="","",IFERROR(1-ABS(Y94-Z94)/$B$31,0)) | AE94: =IF(X94="","",IF($E$9>$E$8,IFERROR((INDEX(GERAL[SNAP],61)-$E$8)/($E$9-$E$8),0),0)) | AF94: =IF(OR(X94="",AG94<>"DIREITO"),"",$L$2*IFERROR(Y94/$B$31,0)+$L$3*IF($D$31>0,IFERROR(AC94/$D$31,0),0)+$L$4*IFERROR(AD94,0)-$L$5*IFERROR(AE94,0)-$L$6*MAX(0,IFERROR(AB94,0)-$L$7)+ROW()/1000000) | AG94: =IFERROR(INDEX(GERAL[LADO],61),"")
M95: =IFERROR(INDEX(GERAL[PONTO],82),"") | N95: =IF(M95="","",IFERROR(INDEX(GERAL[ACUMULADA],82),0)) | O95: =IF(N95="","",$B$11-N95) | P95: =IF(N95="","",IF(N95*1.15<=30,30,IF(N95*1.15<=45,45,IF(N95*1.15<=75,75,IF(N95*1.15<=112.5,112.5,IF(N95*1.15<=150,150,IF(N95*1.15<=225,225,300))))))) | Q95: =IF(P95="","",IFERROR(N95/P95,0)) | R95: =IF(M95="","",IFERROR(INDEX(Tabela7[QT %],MATCH(M95,Tabela7[PONTO],0)),0)) | S95: =IF(N95="","",IFERROR(1-ABS(N95-O95)/$B$11,0)) | T95: =IF(M95="","",IF($B$9>$B$8,IFERROR((INDEX(GERAL[SNAP],82)-$B$8)/($B$9-$B$8),0),0)) | U95: =IF(OR(M95="",V95<>"ESQUERDO"),"",$L$2*IFERROR(N95/$B$11,0)+$L$3*IF($D$11>0,IFERROR(R95/$D$11,0),0)+$L$4*IFERROR(S95,0)-$L$5*IFERROR(T95,0)-$L$6*MAX(0,IFERROR(Q95,0)-$L$7)+ROW()/1000000) | V95: =IFERROR(INDEX(GERAL[LADO],82),"") | X95: =IFERROR(INDEX(GERAL[PONTO],62),"") | Y95: =IF(X95="","",IFERROR(INDEX(GERAL[ACUMULADA],62),0)) | Z95: =IF(Y95="","",$B$31-Y95) | AA95: =IF(Y95="","",IF(Y95*1.15<=30,30,IF(Y95*1.15<=45,45,IF(Y95*1.15<=75,75,IF(Y95*1.15<=112.5,112.5,IF(Y95*1.15<=150,150,IF(Y95*1.15<=225,225,300))))))) | AB95: =IF(AA95="","",IFERROR(Y95/AA95,0)) | AC95: =IF(X95="","",IFERROR(INDEX(DIR_ATUAL[QT %],MATCH(X95,DIR_ATUAL[PONTO],0)),0)) | AD95: =IF(Y95="","",IFERROR(1-ABS(Y95-Z95)/$B$31,0)) | AE95: =IF(X95="","",IF($E$9>$E$8,IFERROR((INDEX(GERAL[SNAP],62)-$E$8)/($E$9-$E$8),0),0)) | AF95: =IF(OR(X95="",AG95<>"DIREITO"),"",$L$2*IFERROR(Y95/$B$31,0)+$L$3*IF($D$31>0,IFERROR(AC95/$D$31,0),0)+$L$4*IFERROR(AD95,0)-$L$5*IFERROR(AE95,0)-$L$6*MAX(0,IFERROR(AB95,0)-$L$7)+ROW()/1000000) | AG95: =IFERROR(INDEX(GERAL[LADO],62),"")
M96: =IFERROR(INDEX(GERAL[PONTO],83),"") | N96: =IF(M96="","",IFERROR(INDEX(GERAL[ACUMULADA],83),0)) | O96: =IF(N96="","",$B$11-N96) | P96: =IF(N96="","",IF(N96*1.15<=30,30,IF(N96*1.15<=45,45,IF(N96*1.15<=75,75,IF(N96*1.15<=112.5,112.5,IF(N96*1.15<=150,150,IF(N96*1.15<=225,225,300))))))) | Q96: =IF(P96="","",IFERROR(N96/P96,0)) | R96: =IF(M96="","",IFERROR(INDEX(Tabela7[QT %],MATCH(M96,Tabela7[PONTO],0)),0)) | S96: =IF(N96="","",IFERROR(1-ABS(N96-O96)/$B$11,0)) | T96: =IF(M96="","",IF($B$9>$B$8,IFERROR((INDEX(GERAL[SNAP],83)-$B$8)/($B$9-$B$8),0),0)) | U96: =IF(OR(M96="",V96<>"ESQUERDO"),"",$L$2*IFERROR(N96/$B$11,0)+$L$3*IF($D$11>0,IFERROR(R96/$D$11,0),0)+$L$4*IFERROR(S96,0)-$L$5*IFERROR(T96,0)-$L$6*MAX(0,IFERROR(Q96,0)-$L$7)+ROW()/1000000) | V96: =IFERROR(INDEX(GERAL[LADO],83),"") | X96: =IFERROR(INDEX(GERAL[PONTO],63),"") | Y96: =IF(X96="","",IFERROR(INDEX(GERAL[ACUMULADA],63),0)) | Z96: =IF(Y96="","",$B$31-Y96) | AA96: =IF(Y96="","",IF(Y96*1.15<=30,30,IF(Y96*1.15<=45,45,IF(Y96*1.15<=75,75,IF(Y96*1.15<=112.5,112.5,IF(Y96*1.15<=150,150,IF(Y96*1.15<=225,225,300))))))) | AB96: =IF(AA96="","",IFERROR(Y96/AA96,0)) | AC96: =IF(X96="","",IFERROR(INDEX(DIR_ATUAL[QT %],MATCH(X96,DIR_ATUAL[PONTO],0)),0)) | AD96: =IF(Y96="","",IFERROR(1-ABS(Y96-Z96)/$B$31,0)) | AE96: =IF(X96="","",IF($E$9>$E$8,IFERROR((INDEX(GERAL[SNAP],63)-$E$8)/($E$9-$E$8),0),0)) | AF96: =IF(OR(X96="",AG96<>"DIREITO"),"",$L$2*IFERROR(Y96/$B$31,0)+$L$3*IF($D$31>0,IFERROR(AC96/$D$31,0),0)+$L$4*IFERROR(AD96,0)-$L$5*IFERROR(AE96,0)-$L$6*MAX(0,IFERROR(AB96,0)-$L$7)+ROW()/1000000) | AG96: =IFERROR(INDEX(GERAL[LADO],63),"")
M97: =IFERROR(INDEX(GERAL[PONTO],84),"") | N97: =IF(M97="","",IFERROR(INDEX(GERAL[ACUMULADA],84),0)) | O97: =IF(N97="","",$B$11-N97) | P97: =IF(N97="","",IF(N97*1.15<=30,30,IF(N97*1.15<=45,45,IF(N97*1.15<=75,75,IF(N97*1.15<=112.5,112.5,IF(N97*1.15<=150,150,IF(N97*1.15<=225,225,300))))))) | Q97: =IF(P97="","",IFERROR(N97/P97,0)) | R97: =IF(M97="","",IFERROR(INDEX(Tabela7[QT %],MATCH(M97,Tabela7[PONTO],0)),0)) | S97: =IF(N97="","",IFERROR(1-ABS(N97-O97)/$B$11,0)) | T97: =IF(M97="","",IF($B$9>$B$8,IFERROR((INDEX(GERAL[SNAP],84)-$B$8)/($B$9-$B$8),0),0)) | U97: =IF(OR(M97="",V97<>"ESQUERDO"),"",$L$2*IFERROR(N97/$B$11,0)+$L$3*IF($D$11>0,IFERROR(R97/$D$11,0),0)+$L$4*IFERROR(S97,0)-$L$5*IFERROR(T97,0)-$L$6*MAX(0,IFERROR(Q97,0)-$L$7)+ROW()/1000000) | V97: =IFERROR(INDEX(GERAL[LADO],84),"") | X97: =IFERROR(INDEX(GERAL[PONTO],64),"") | Y97: =IF(X97="","",IFERROR(INDEX(GERAL[ACUMULADA],64),0)) | Z97: =IF(Y97="","",$B$31-Y97) | AA97: =IF(Y97="","",IF(Y97*1.15<=30,30,IF(Y97*1.15<=45,45,IF(Y97*1.15<=75,75,IF(Y97*1.15<=112.5,112.5,IF(Y97*1.15<=150,150,IF(Y97*1.15<=225,225,300))))))) | AB97: =IF(AA97="","",IFERROR(Y97/AA97,0)) | AC97: =IF(X97="","",IFERROR(INDEX(DIR_ATUAL[QT %],MATCH(X97,DIR_ATUAL[PONTO],0)),0)) | AD97: =IF(Y97="","",IFERROR(1-ABS(Y97-Z97)/$B$31,0)) | AE97: =IF(X97="","",IF($E$9>$E$8,IFERROR((INDEX(GERAL[SNAP],64)-$E$8)/($E$9-$E$8),0),0)) | AF97: =IF(OR(X97="",AG97<>"DIREITO"),"",$L$2*IFERROR(Y97/$B$31,0)+$L$3*IF($D$31>0,IFERROR(AC97/$D$31,0),0)+$L$4*IFERROR(AD97,0)-$L$5*IFERROR(AE97,0)-$L$6*MAX(0,IFERROR(AB97,0)-$L$7)+ROW()/1000000) | AG97: =IFERROR(INDEX(GERAL[LADO],64),"")
M98: =IFERROR(INDEX(GERAL[PONTO],85),"") | N98: =IF(M98="","",IFERROR(INDEX(GERAL[ACUMULADA],85),0)) | O98: =IF(N98="","",$B$11-N98) | P98: =IF(N98="","",IF(N98*1.15<=30,30,IF(N98*1.15<=45,45,IF(N98*1.15<=75,75,IF(N98*1.15<=112.5,112.5,IF(N98*1.15<=150,150,IF(N98*1.15<=225,225,300))))))) | Q98: =IF(P98="","",IFERROR(N98/P98,0)) | R98: =IF(M98="","",IFERROR(INDEX(Tabela7[QT %],MATCH(M98,Tabela7[PONTO],0)),0)) | S98: =IF(N98="","",IFERROR(1-ABS(N98-O98)/$B$11,0)) | T98: =IF(M98="","",IF($B$9>$B$8,IFERROR((INDEX(GERAL[SNAP],85)-$B$8)/($B$9-$B$8),0),0)) | U98: =IF(OR(M98="",V98<>"ESQUERDO"),"",$L$2*IFERROR(N98/$B$11,0)+$L$3*IF($D$11>0,IFERROR(R98/$D$11,0),0)+$L$4*IFERROR(S98,0)-$L$5*IFERROR(T98,0)-$L$6*MAX(0,IFERROR(Q98,0)-$L$7)+ROW()/1000000) | V98: =IFERROR(INDEX(GERAL[LADO],85),"") | X98: =IFERROR(INDEX(GERAL[PONTO],65),"") | Y98: =IF(X98="","",IFERROR(INDEX(GERAL[ACUMULADA],65),0)) | Z98: =IF(Y98="","",$B$31-Y98) | AA98: =IF(Y98="","",IF(Y98*1.15<=30,30,IF(Y98*1.15<=45,45,IF(Y98*1.15<=75,75,IF(Y98*1.15<=112.5,112.5,IF(Y98*1.15<=150,150,IF(Y98*1.15<=225,225,300))))))) | AB98: =IF(AA98="","",IFERROR(Y98/AA98,0)) | AC98: =IF(X98="","",IFERROR(INDEX(DIR_ATUAL[QT %],MATCH(X98,DIR_ATUAL[PONTO],0)),0)) | AD98: =IF(Y98="","",IFERROR(1-ABS(Y98-Z98)/$B$31,0)) | AE98: =IF(X98="","",IF($E$9>$E$8,IFERROR((INDEX(GERAL[SNAP],65)-$E$8)/($E$9-$E$8),0),0)) | AF98: =IF(OR(X98="",AG98<>"DIREITO"),"",$L$2*IFERROR(Y98/$B$31,0)+$L$3*IF($D$31>0,IFERROR(AC98/$D$31,0),0)+$L$4*IFERROR(AD98,0)-$L$5*IFERROR(AE98,0)-$L$6*MAX(0,IFERROR(AB98,0)-$L$7)+ROW()/1000000) | AG98: =IFERROR(INDEX(GERAL[LADO],65),"")
M99: =IFERROR(INDEX(GERAL[PONTO],86),"") | N99: =IF(M99="","",IFERROR(INDEX(GERAL[ACUMULADA],86),0)) | O99: =IF(N99="","",$B$11-N99) | P99: =IF(N99="","",IF(N99*1.15<=30,30,IF(N99*1.15<=45,45,IF(N99*1.15<=75,75,IF(N99*1.15<=112.5,112.5,IF(N99*1.15<=150,150,IF(N99*1.15<=225,225,300))))))) | Q99: =IF(P99="","",IFERROR(N99/P99,0)) | R99: =IF(M99="","",IFERROR(INDEX(Tabela7[QT %],MATCH(M99,Tabela7[PONTO],0)),0)) | S99: =IF(N99="","",IFERROR(1-ABS(N99-O99)/$B$11,0)) | T99: =IF(M99="","",IF($B$9>$B$8,IFERROR((INDEX(GERAL[SNAP],86)-$B$8)/($B$9-$B$8),0),0)) | U99: =IF(OR(M99="",V99<>"ESQUERDO"),"",$L$2*IFERROR(N99/$B$11,0)+$L$3*IF($D$11>0,IFERROR(R99/$D$11,0),0)+$L$4*IFERROR(S99,0)-$L$5*IFERROR(T99,0)-$L$6*MAX(0,IFERROR(Q99,0)-$L$7)+ROW()/1000000) | V99: =IFERROR(INDEX(GERAL[LADO],86),"") | X99: =IFERROR(INDEX(GERAL[PONTO],66),"") | Y99: =IF(X99="","",IFERROR(INDEX(GERAL[ACUMULADA],66),0)) | Z99: =IF(Y99="","",$B$31-Y99) | AA99: =IF(Y99="","",IF(Y99*1.15<=30,30,IF(Y99*1.15<=45,45,IF(Y99*1.15<=75,75,IF(Y99*1.15<=112.5,112.5,IF(Y99*1.15<=150,150,IF(Y99*1.15<=225,225,300))))))) | AB99: =IF(AA99="","",IFERROR(Y99/AA99,0)) | AC99: =IF(X99="","",IFERROR(INDEX(DIR_ATUAL[QT %],MATCH(X99,DIR_ATUAL[PONTO],0)),0)) | AD99: =IF(Y99="","",IFERROR(1-ABS(Y99-Z99)/$B$31,0)) | AE99: =IF(X99="","",IF($E$9>$E$8,IFERROR((INDEX(GERAL[SNAP],66)-$E$8)/($E$9-$E$8),0),0)) | AF99: =IF(OR(X99="",AG99<>"DIREITO"),"",$L$2*IFERROR(Y99/$B$31,0)+$L$3*IF($D$31>0,IFERROR(AC99/$D$31,0),0)+$L$4*IFERROR(AD99,0)-$L$5*IFERROR(AE99,0)-$L$6*MAX(0,IFERROR(AB99,0)-$L$7)+ROW()/1000000) | AG99: =IFERROR(INDEX(GERAL[LADO],66),"")
M100: =IFERROR(INDEX(GERAL[PONTO],87),"") | N100: =IF(M100="","",IFERROR(INDEX(GERAL[ACUMULADA],87),0)) | O100: =IF(N100="","",$B$11-N100) | P100: =IF(N100="","",IF(N100*1.15<=30,30,IF(N100*1.15<=45,45,IF(N100*1.15<=75,75,IF(N100*1.15<=112.5,112.5,IF(N100*1.15<=150,150,IF(N100*1.15<=225,225,300))))))) | Q100: =IF(P100="","",IFERROR(N100/P100,0)) | R100: =IF(M100="","",IFERROR(INDEX(Tabela7[QT %],MATCH(M100,Tabela7[PONTO],0)),0)) | S100: =IF(N100="","",IFERROR(1-ABS(N100-O100)/$B$11,0)) | T100: =IF(M100="","",IF($B$9>$B$8,IFERROR((INDEX(GERAL[SNAP],87)-$B$8)/($B$9-$B$8),0),0)) | U100: =IF(OR(M100="",V100<>"ESQUERDO"),"",$L$2*IFERROR(N100/$B$11,0)+$L$3*IF($D$11>0,IFERROR(R100/$D$11,0),0)+$L$4*IFERROR(S100,0)-$L$5*IFERROR(T100,0)-$L$6*MAX(0,IFERROR(Q100,0)-$L$7)+ROW()/1000000) | V100: =IFERROR(INDEX(GERAL[LADO],87),"") | X100: =IFERROR(INDEX(GERAL[PONTO],67),"") | Y100: =IF(X100="","",IFERROR(INDEX(GERAL[ACUMULADA],67),0)) | Z100: =IF(Y100="","",$B$31-Y100) | AA100: =IF(Y100="","",IF(Y100*1.15<=30,30,IF(Y100*1.15<=45,45,IF(Y100*1.15<=75,75,IF(Y100*1.15<=112.5,112.5,IF(Y100*1.15<=150,150,IF(Y100*1.15<=225,225,300))))))) | AB100: =IF(AA100="","",IFERROR(Y100/AA100,0)) | AC100: =IF(X100="","",IFERROR(INDEX(DIR_ATUAL[QT %],MATCH(X100,DIR_ATUAL[PONTO],0)),0)) | AD100: =IF(Y100="","",IFERROR(1-ABS(Y100-Z100)/$B$31,0)) | AE100: =IF(X100="","",IF($E$9>$E$8,IFERROR((INDEX(GERAL[SNAP],67)-$E$8)/($E$9-$E$8),0),0)) | AF100: =IF(OR(X100="",AG100<>"DIREITO"),"",$L$2*IFERROR(Y100/$B$31,0)+$L$3*IF($D$31>0,IFERROR(AC100/$D$31,0),0)+$L$4*IFERROR(AD100,0)-$L$5*IFERROR(AE100,0)-$L$6*MAX(0,IFERROR(AB100,0)-$L$7)+ROW()/1000000) | AG100: =IFERROR(INDEX(GERAL[LADO],67),"")
M101: =IFERROR(INDEX(GERAL[PONTO],88),"") | N101: =IF(M101="","",IFERROR(INDEX(GERAL[ACUMULADA],88),0)) | O101: =IF(N101="","",$B$11-N101) | P101: =IF(N101="","",IF(N101*1.15<=30,30,IF(N101*1.15<=45,45,IF(N101*1.15<=75,75,IF(N101*1.15<=112.5,112.5,IF(N101*1.15<=150,150,IF(N101*1.15<=225,225,300))))))) | Q101: =IF(P101="","",IFERROR(N101/P101,0)) | R101: =IF(M101="","",IFERROR(INDEX(Tabela7[QT %],MATCH(M101,Tabela7[PONTO],0)),0)) | S101: =IF(N101="","",IFERROR(1-ABS(N101-O101)/$B$11,0)) | T101: =IF(M101="","",IF($B$9>$B$8,IFERROR((INDEX(GERAL[SNAP],88)-$B$8)/($B$9-$B$8),0),0)) | U101: =IF(OR(M101="",V101<>"ESQUERDO"),"",$L$2*IFERROR(N101/$B$11,0)+$L$3*IF($D$11>0,IFERROR(R101/$D$11,0),0)+$L$4*IFERROR(S101,0)-$L$5*IFERROR(T101,0)-$L$6*MAX(0,IFERROR(Q101,0)-$L$7)+ROW()/1000000) | V101: =IFERROR(INDEX(GERAL[LADO],88),"") | X101: =IFERROR(INDEX(GERAL[PONTO],68),"") | Y101: =IF(X101="","",IFERROR(INDEX(GERAL[ACUMULADA],68),0)) | Z101: =IF(Y101="","",$B$31-Y101) | AA101: =IF(Y101="","",IF(Y101*1.15<=30,30,IF(Y101*1.15<=45,45,IF(Y101*1.15<=75,75,IF(Y101*1.15<=112.5,112.5,IF(Y101*1.15<=150,150,IF(Y101*1.15<=225,225,300))))))) | AB101: =IF(AA101="","",IFERROR(Y101/AA101,0)) | AC101: =IF(X101="","",IFERROR(INDEX(DIR_ATUAL[QT %],MATCH(X101,DIR_ATUAL[PONTO],0)),0)) | AD101: =IF(Y101="","",IFERROR(1-ABS(Y101-Z101)/$B$31,0)) | AE101: =IF(X101="","",IF($E$9>$E$8,IFERROR((INDEX(GERAL[SNAP],68)-$E$8)/($E$9-$E$8),0),0)) | AF101: =IF(OR(X101="",AG101<>"DIREITO"),"",$L$2*IFERROR(Y101/$B$31,0)+$L$3*IF($D$31>0,IFERROR(AC101/$D$31,0),0)+$L$4*IFERROR(AD101,0)-$L$5*IFERROR(AE101,0)-$L$6*MAX(0,IFERROR(AB101,0)-$L$7)+ROW()/1000000) | AG101: =IFERROR(INDEX(GERAL[LADO],68),"")
...

Sheet RAMAL
A1: Ampacidade dos Condutores de Ramais de BT (A)
A2: Item | B2: Condutores Fora de Padrão | M2: Condutores Padrão
A3: Condutor | B3: 5 | C3: 8 | D3: 13 | E3: 21 | F3: 33 | G3: 53 | H3: 67 | I3: 85 | J3: 107 | K3: 127 | L3: 253 | M3: 13 DX | N3: 13 TX | O3: 13 QX | P3: 21 QX | Q3: 53 QX | R3: 85 QX | S3: 107 QX | T3: 70 | U3: 185
B4: CC | C4: CC | D4: CC | E4: CC | F4: CC | G4: CC | H4: CC | I4: CC | J4: CC | K4: CC | L4: CC | M4: 6 AWG | N4: 6 AWG | O4: 6 AWG | P4: 4 AWG | Q4: 1/0 | R4: 3/0 | S4: 4/0 | T4: MMX | U4: MMX
A5: Carregamento | B5: 66 | C5: 88 | D5: 116 | E5: 151 | F5: 205 | G5: 272 | H5: 313 | I5: 366 | J5: 418 | K5: 466 | L5: 710 | M5: 78 | N5: 80 | O5: 72 | P5: 95 | Q5: 165 | R5: 220 | S5: 254 | T5: 227 | U5: 423
A7: Cabo de Rede | B7: 33 | C7: 33 | D7: 53 | E7: 53 | F7: 107 | G7: 107 | H7: 201 | I7: 201 | J7: 53 QX | K7: 85 QX | L7: 107 QX | M7: 70 | N7: 185
B8: AA | C8: AC | D8: AA | E8: AC | F8: A | G8: AC | H8: A | I8: AC | J8: 1/0 | K8: 3/0 | L8: 4/0 | M8: MMX | N8: MMX
A9: R (Ohms) | B9: 1.0903 | C9: 1.0254 | D9: 0.7059 | E9: 0.6456 | F9: 0.3225 | G9: 0.3225 | H9: 0.1731 | I9: 0.1731 | J9: 0.6641 | K9: 0.418 | L9: 0.3313 | M9: 0.5697 | N9: 0.2149
A10: X (Ohms) | B10: 0.4034 | C10: 0.3419 | D10: 0.3705 | E10: 0.3235 | F10: 0.2968 | G10: 0.2968 | H10: 0.2686 | I10: 0.2686 | J10: 0.1311 | K10: 0.1279 | L10: 0.129 | M10: 0.126 | N10: 0.1178
A11: Comercial | B11: =B9*0.85+B10*0.5268 | C11: =C9*0.85+C10*0.5268 | D11: =D9*0.85+D10*0.5268 | E11: =E9*0.85+E10*0.5268 | F11: =F9*0.85+F10*0.5268 | G11: =G9*0.85+G10*0.5268 | H11: =H9*0.85+H10*0.5268 | I11: =I9*0.85+I10*0.5268 | ... N11: =N9*0.85+N10*0.5268
A12: Residencial | B12: =B9*0.95+B10*0.3122 | C12: =C9*0.95+C10*0.3122 | D12: =D9*0.95+D10*0.3122 | E12: =E9*0.95+E10*0.3122 | F12: =F9*0.95+F10*0.3122 | G12: =G9*0.95+G10*0.3122 | H12: =H9*0.95+H10*0.3122 | I12: =I9*0.95+I10*0.3122 | ... N12: =N9*0.95+N10*0.3122
A13: Misto | B13: =B9*0.9+B10*0.4359 | C13: =C9*0.9+C10*0.4359 | D13: =D9*0.9+D10*0.4359 | E13: =E9*0.9+E10*0.4359 | F13: =F9*0.9+F10*0.4359 | G13: =G9*0.9+G10*0.4359 | H13: =H9*0.9+H10*0.4359 | I13: =I9*0.9+I10*0.4359 | ... N13: =N9*0.9+N10*0.4359
M14: MONO | N14: BIF | O14: TRIF
A15: N° de ramais ATUAL | W15: I / PONTO | X15: TOTAL | Y15: KVA CLANDESTINO | AA15: LEITURA DO TRAFO - ATUAL | AC15: LEITURA DO TRAFO - PROJ | AE15: LEITURA DO TRAFO - PROJ2
B16: 5 | C16: 8 | D16: 13 | E16: 21 | F16: 33 | G16: 53 | H16: 67 | I16: 85 | J16: 107 | K16: 127 | L16: 253 | M16: 13 DX | N16: 13 TX | O16: 13 QX | P16: 21 QX | Q16: 53 QX | R16: 85 QX | S16: 107 QX | T16: 70 | U16: 185 | V16: TOTAL (A) | W16: =SUM(V18:V77) | X16: =SUM(X18:X77)
A17: N° do Poste | B17: CC | C17: CC2 | D17: CC3 | E17: CC4 | F17: CC5 | G17: CC6 | H17: CC7 | I17: CC8 | J17: CC9 | K17: CC10 | L17: CC11 | M17: 6 AWG | N17: 6 AWG12 | O17: 6 AWG13 | P17: 4 AWG | Q17: 1/0 | R17: 3/0 | S17: 4/0 | T17: MMX | U17: MMX14 | V17: TOTAL PONTO | W17: KVA | X17: CLIENTES | Y17: KVA2 | AA17: Corrente Máxima | AC17: Corrente Máxima | AE17: Corrente Máxima
A18: 1 | O18: 0 | V18: =B18*$B$5+C18*$C$5+D18*$D$5+E18*$E$5+F18*$F$5+G18*$G$5+H18*$H$5+I18*$I$5+J18*$J$5+K18*$K$5+L18*$L$5+M18*$M$5+N18*$N$5+O18*$O$5+P18*$P$5+Q18*$Q$5+R18*$R$5+S18*$S$5+T18*$T$5+U18*$U$5 | W18: =IFERROR($AA$24*(V18/($W$16)),0) | X18: =SUM(B18:U18) | Y18: =IFERROR(VLOOKUP(X18,AUX_CLAN,4,),0) | AA18: 460 | AC18: =AC20/0.375 | AE18: =AE20/0.375
A19: 2 | O19: 0 | V19: =B19*$B$5+C19*$C$5+D19*$D$5+E19*$E$5+F19*$F$5+G19*$G$5+H19*$H$5+I19*$I$5+J19*$J$5+K19*$K$5+L19*$L$5+M19*$M$5+N19*$N$5+O19*$O$5+P19*$P$5+Q19*$Q$5+R19*$R$5+S19*$S$5+T19*$T$5+U19*$U$5 | W19: =IFERROR($AA$24*(V19/($W$16)),0) | X19: =SUM(B19:U19) | Y19: =IFERROR(VLOOKUP(X19,AUX_CLAN,4,),0) | AA19: Demanda Máxima | AC19: Demanda Máxima | AE19: Demanda Máxima
A20: 3 | O20: 2 | V20: =B20*$B$5+C20*$C$5+D20*$D$5+E20*$E$5+F20*$F$5+G20*$G$5+H20*$H$5+I20*$I$5+J20*$J$5+K20*$K$5+L20*$L$5+M20*$M$5+N20*$N$5+O20*$O$5+P20*$P$5+Q20*$Q$5+R20*$R$5+S20*$S$5+T20*$T$5+U20*$U$5 | W20: =IFERROR($AA$24*(V20/($W$16)),0) | X20: =SUM(B20:U20) | Y20: =IFERROR(VLOOKUP(X20,AUX_CLAN,4,),0) | AA20: =IF(AA18="","",AA18*0.375) | AC20: =AC24/AC22 | AE20: =AE24/AE22
A21: 4 | O21: 4 | V21: =B21*$B$5+C21*$C$5+D21*$D$5+E21*$E$5+F21*$F$5+G21*$G$5+H21*$H$5+I21*$I$5+J21*$J$5+K21*$K$5+L21*$L$5+M21*$M$5+N21*$N$5+O21*$O$5+P21*$P$5+Q21*$Q$5+R21*$R$5+S21*$S$5+T21*$T$5+U21*$U$5 | W21: =IFERROR($AA$24*(V21/($W$16)),0) | X21: =SUM(B21:U21) | Y21: =IFERROR(VLOOKUP(X21,AUX_CLAN,4,),0) | AA21: Fator de Temperatura | AC21: Fator de Temperatura | AE21: Fator de Temperatura
A22: 5 | O22: 3 | V22: =B22*$B$5+C22*$C$5+D22*$D$5+E22*$E$5+F22*$F$5+G22*$G$5+H22*$H$5+I22*$I$5+J22*$J$5+K22*$K$5+L22*$L$5+M22*$M$5+N22*$N$5+O22*$O$5+P22*$P$5+Q22*$Q$5+R22*$R$5+S22*$S$5+T22*$T$5+U22*$U$5 | W22: =IFERROR($AA$24*(V22/($W$16)),0) | X22: =SUM(B22:U22) | Y22: =IFERROR(VLOOKUP(X22,AUX_CLAN,4,),0) | AA22: 1.2 | AC22: =AA22 | AE22: =AA22
A23: 6 | O23: 1 | V23: =B23*$B$5+C23*$C$5+D23*$D$5+E23*$E$5+F23*$F$5+G23*$G$5+H23*$H$5+I23*$I$5+J23*$J$5+K23*$K$5+L23*$L$5+M23*$M$5+N23*$N$5+O23*$O$5+P23*$P$5+Q23*$Q$5+R23*$R$5+S23*$S$5+T23*$T$5+U23*$U$5 | W23: =IFERROR($AA$24*(V23/($W$16)),0) | X23: =SUM(B23:U23) | Y23: =IFERROR(VLOOKUP(X23,AUX_CLAN,4,),0) | AA23: Demanda Corrigida | AC23: Demanda Corrigida | AE23: Demanda Corrigida
A24: 7 | O24: 3 | V24: =B24*$B$5+C24*$C$5+D24*$D$5+E24*$E$5+F24*$F$5+G24*$G$5+H24*$H$5+I24*$I$5+J24*$J$5+K24*$K$5+L24*$L$5+M24*$M$5+N24*$N$5+O24*$O$5+P24*$P$5+Q24*$Q$5+R24*$R$5+S24*$S$5+T24*$T$5+U24*$U$5 | W24: =IFERROR($AA$24*(V24/($W$16)),0) | X24: =SUM(B24:U24) | Y24: =IFERROR(VLOOKUP(X24,AUX_CLAN,4,),0) | AA24: =IF($AA$22="","",$AA$22*AA$20) | AC24: ='GERAL PROJ'!I9 | AE24: ='GERAL PROJ2'!$I$9
A25: 8 | O25: 7 | V25: =B25*$B$5+C25*$C$5+D25*$D$5+E25*$E$5+F25*$F$5+G25*$G$5+H25*$H$5+I25*$I$5+J25*$J$5+K25*$K$5+L25*$L$5+M25*$M$5+N25*$N$5+O25*$O$5+P25*$P$5+Q25*$Q$5+R25*$R$5+S25*$S$5+T25*$T$5+U25*$U$5 | W25: =IFERROR($AA$24*(V25/($W$16)),0) | X25: =SUM(B25:U25) | Y25: =IFERROR(VLOOKUP(X25,AUX_CLAN,4,),0) | AA25: TRAFO PROJ | AC25: TRAFO PROJ | AE25: TRAFO PROJ
A26: 9 | O26: 4 | V26: =B26*$B$5+C26*$C$5+D26*$D$5+E26*$E$5+F26*$F$5+G26*$G$5+H26*$H$5+I26*$I$5+J26*$J$5+K26*$K$5+L26*$L$5+M26*$M$5+N26*$N$5+O26*$O$5+P26*$P$5+Q26*$Q$5+R26*$R$5+S26*$S$5+T26*$T$5+U26*$U$5 | W26: =IFERROR($AA$24*(V26/($W$16)),0) | X26: =SUM(B26:U26) | Y26: =IFERROR(VLOOKUP(X26,AUX_CLAN,4,),0) | AA26: =GERAL!O3 | AC26: ='GERAL PROJ'!O3 | AE26: ='GERAL PROJ2'!O3
A27: 10 | O27: 4 | V27: =B27*$B$5+C27*$C$5+D27*$D$5+E27*$E$5+F27*$F$5+G27*$G$5+H27*$H$5+I27*$I$5+J27*$J$5+K27*$K$5+L27*$L$5+M27*$M$5+N27*$N$5+O27*$O$5+P27*$P$5+Q27*$Q$5+R27*$R$5+S27*$S$5+T27*$T$5+U27*$U$5 | W27: =IFERROR($AA$24*(V27/($W$16)),0) | X27: =SUM(B27:U27) | Y27: =IFERROR(VLOOKUP(X27,AUX_CLAN,4,),0) | AA27: CARREGAMENTO ATUAL | AC27: CARREGAMENTO ATUAL | AE27: CARREGAMENTO ATUAL
A28: 11 | O28: 6 | V28: =B28*$B$5+C28*$C$5+D28*$D$5+E28*$E$5+F28*$F$5+G28*$G$5+H28*$H$5+I28*$I$5+J28*$J$5+K28*$K$5+L28*$L$5+M28*$M$5+N28*$N$5+O28*$O$5+P28*$P$5+Q28*$Q$5+R28*$R$5+S28*$S$5+T28*$T$5+U28*$U$5 | W28: =IFERROR($AA$24*(V28/($W$16)),0) | X28: =SUM(B28:U28) | Y28: =IFERROR(VLOOKUP(X28,AUX_CLAN,4,),0) | AA28: =AA24/AA26 | AC28: =AC24/AC26 | AE28: =AE24/AE26
A29: 12 | O29: 7 | V29: =B29*$B$5+C29*$C$5+D29*$D$5+E29*$E$5+F29*$F$5+G29*$G$5+H29*$H$5+I29*$I$5+J29*$J$5+K29*$K$5+L29*$L$5+M29*$M$5+N29*$N$5+O29*$O$5+P29*$P$5+Q29*$Q$5+R29*$R$5+S29*$S$5+T29*$T$5+U29*$U$5 | W29: =IFERROR($AA$24*(V29/($W$16)),0) | X29: =SUM(B29:U29) | Y29: =IFERROR(VLOOKUP(X29,AUX_CLAN,4,),0) | AA29: DMDI (RAMAL) | AC29: DMDI (RAMAL) | AE29: DMDI (RAMAL)
A30: 13 | O30: 3 | V30: =B30*$B$5+C30*$C$5+D30*$D$5+E30*$E$5+F30*$F$5+G30*$G$5+H30*$H$5+I30*$I$5+J30*$J$5+K30*$K$5+L30*$L$5+M30*$M$5+N30*$N$5+O30*$O$5+P30*$P$5+Q30*$Q$5+R30*$R$5+S30*$S$5+T30*$T$5+U30*$U$5 | W30: =IFERROR($AA$24*(V30/($W$16)),0) | X30: =SUM(B30:U30) | Y30: =IFERROR(VLOOKUP(X30,AUX_CLAN,4,),0) | AA30: =IF(GERAL!I2="SIM",RAMAL!$AB$35,AA$24/SUM($X$18:$X$77)) | AC30: =IF(GERAL!K2="SIM",RAMAL!$AB$35,AC$24/'GERAL PROJ'!G9) | AE30: =IF(GERAL!M2="SIM",RAMAL!$AB$35,AE$24/'GERAL PROJ2'!G9)
A31: 14 | O31: 5 | V31: =B31*$B$5+C31*$C$5+D31*$D$5+E31*$E$5+F31*$F$5+G31*$G$5+H31*$H$5+I31*$I$5+J31*$J$5+K31*$K$5+L31*$L$5+M31*$M$5+N31*$N$5+O31*$O$5+P31*$P$5+Q31*$Q$5+R31*$R$5+S31*$S$5+T31*$T$5+U31*$U$5 | W31: =IFERROR($AA$24*(V31/($W$16)),0) | X31: =SUM(B31:U31) | Y31: =IFERROR(VLOOKUP(X31,AUX_CLAN,4,),0)
A32: 15 | O32: 2 | V32: =B32*$B$5+C32*$C$5+D32*$D$5+E32*$E$5+F32*$F$5+G32*$G$5+H32*$H$5+I32*$I$5+J32*$J$5+K32*$K$5+L32*$L$5+M32*$M$5+N32*$N$5+O32*$O$5+P32*$P$5+Q32*$Q$5+R32*$R$5+S32*$S$5+T32*$T$5+U32*$U$5 | W32: =IFERROR($AA$24*(V32/($W$16)),0) | X32: =SUM(B32:U32) | Y32: =IFERROR(VLOOKUP(X32,AUX_CLAN,4,),0) | AA32: CLANDESTINOS
A33: 16 | V33: =B33*$B$5+C33*$C$5+D33*$D$5+E33*$E$5+F33*$F$5+G33*$G$5+H33*$H$5+I33*$I$5+J33*$J$5+K33*$K$5+L33*$L$5+M33*$M$5+N33*$N$5+O33*$O$5+P33*$P$5+Q33*$Q$5+R33*$R$5+S33*$S$5+T33*$T$5+U33*$U$5 | W33: =IFERROR($AA$24*(V33/($W$16)),0) | X33: =SUM(B33:U33) | Y33: =IFERROR(VLOOKUP(X33,AUX_CLAN,4,),0)
A34: 17 | V34: =B34*$B$5+C34*$C$5+D34*$D$5+E34*$E$5+F34*$F$5+G34*$G$5+H34*$H$5+I34*$I$5+J34*$J$5+K34*$K$5+L34*$L$5+M34*$M$5+N34*$N$5+O34*$O$5+P34*$P$5+Q34*$Q$5+R34*$R$5+S34*$S$5+T34*$T$5+U34*$U$5 | W34: =IFERROR($AA$24*(V34/($W$16)),0) | X34: =SUM(B34:U34) | Y34: =IFERROR(VLOOKUP(X34,AUX_CLAN,4,),0) | AA34: Área (m²) | AB34: =GERAL!L2
A35: 18 | V35: =B35*$B$5+C35*$C$5+D35*$D$5+E35*$E$5+F35*$F$5+G35*$G$5+H35*$H$5+I35*$I$5+J35*$J$5+K35*$K$5+L35*$L$5+M35*$M$5+N35*$N$5+O35*$O$5+P35*$P$5+Q35*$Q$5+R35*$R$5+S35*$S$5+T35*$T$5+U35*$U$5 | W35: =IFERROR($AA$24*(V35/($W$16)),0) | X35: =SUM(B35:U35) | Y35: =IFERROR(VLOOKUP(X35,AUX_CLAN,4,),0) | AA35: DMDI | AB35: =VLOOKUP(AB34,TAB_CLAN_DMDI,2,0)
A36: 19 | V36: =B36*$B$5+C36*$C$5+D36*$D$5+E36*$E$5+F36*$F$5+G36*$G$5+H36*$H$5+I36*$I$5+J36*$J$5+K36*$K$5+L36*$L$5+M36*$M$5+N36*$N$5+O36*$O$5+P36*$P$5+Q36*$Q$5+R36*$R$5+S36*$S$5+T36*$T$5+U36*$U$5 | W36: =IFERROR($AA$24*(V36/($W$16)),0) | X36: =SUM(B36:U36) | Y36: =IFERROR(VLOOKUP(X36,AUX_CLAN,4,),0) | AA36: QTD CASAS | AB36: =X16
A37: 20 | V37: =B37*$B$5+C37*$C$5+D37*$D$5+E37*$E$5+F37*$F$5+G37*$G$5+H37*$H$5+I37*$I$5+J37*$J$5+K37*$K$5+L37*$L$5+M37*$M$5+N37*$N$5+O37*$O$5+P37*$P$5+Q37*$Q$5+R37*$R$5+S37*$S$5+T37*$T$5+U37*$U$5 | W37: =IFERROR($AA$24*(V37/($W$16)),0) | X37: =SUM(B37:U37) | Y37: =IFERROR(VLOOKUP(X37,AUX_CLAN,4,),0) | AA37: Dem. Prevista | AB37: =IFERROR(VLOOKUP(AB36,AUX_CLAN,4,0),0) | AC37: =AB37/0.85 | AD37: =AC37/AA26
A38: 21 | V38: =B38*$B$5+C38*$C$5+D38*$D$5+E38*$E$5+F38*$F$5+G38*$G$5+H38*$H$5+I38*$I$5+J38*$J$5+K38*$K$5+L38*$L$5+M38*$M$5+N38*$N$5+O38*$O$5+P38*$P$5+Q38*$Q$5+R38*$R$5+S38*$S$5+T38*$T$5+U38*$U$5 | W38: =IFERROR($AA$24*(V38/($W$16)),0) | X38: =SUM(B38:U38) | Y38: =IFERROR(VLOOKUP(X38,AUX_CLAN,4,),0)
A39: 22 | V39: =B39*$B$5+C39*$C$5+D39*$D$5+E39*$E$5+F39*$F$5+G39*$G$5+H39*$H$5+I39*$I$5+J39*$J$5+K39*$K$5+L39*$L$5+M39*$M$5+N39*$N$5+O39*$O$5+P39*$P$5+Q39*$Q$5+R39*$R$5+S39*$S$5+T39*$T$5+U39*$U$5 | W39: =IFERROR($AA$24*(V39/($W$16)),0) | X39: =SUM(B39:U39) | Y39: =IFERROR(VLOOKUP(X39,AUX_CLAN,4,),0)
A40: 23 | V40: =B40*$B$5+C40*$C$5+D40*$D$5+E40*$E$5+F40*$F$5+G40*$G$5+H40*$H$5+I40*$I$5+J40*$J$5+K40*$K$5+L40*$L$5+M40*$M$5+N40*$N$5+O40*$O$5+P40*$P$5+Q40*$Q$5+R40*$R$5+S40*$S$5+T40*$T$5+U40*$U$5 | W40: =IFERROR($AA$24*(V40/($W$16)),0) | X40: =SUM(B40:U40) | Y40: =IFERROR(VLOOKUP(X40,AUX_CLAN,4,),0)
A41: 24 | V41: =B41*$B$5+C41*$C$5+D41*$D$5+E41*$E$5+F41*$F$5+G41*$G$5+H41*$H$5+I41*$I$5+J41*$J$5+K41*$K$5+L41*$L$5+M41*$M$5+N41*$N$5+O41*$O$5+P41*$P$5+Q41*$Q$5+R41*$R$5+S41*$S$5+T41*$T$5+U41*$U$5 | W41: =IFERROR($AA$24*(V41/($W$16)),0) | X41: =SUM(B41:U41) | Y41: =IFERROR(VLOOKUP(X41,AUX_CLAN,4,),0)
A42: 25 | V42: =B42*$B$5+C42*$C$5+D42*$D$5+E42*$E$5+F42*$F$5+G42*$G$5+H42*$H$5+I42*$I$5+J42*$J$5+K42*$K$5+L42*$L$5+M42*$M$5+N42*$N$5+O42*$O$5+P42*$P$5+Q42*$Q$5+R42*$R$5+S42*$S$5+T42*$T$5+U42*$U$5 | W42: =IFERROR($AA$24*(V42/($W$16)),0) | X42: =SUM(B42:U42) | Y42: =IFERROR(VLOOKUP(X42,AUX_CLAN,4,),0)
A43: 26 | V43: =B43*$B$5+C43*$C$5+D43*$D$5+E43*$E$5+F43*$F$5+G43*$G$5+H43*$H$5+I43*$I$5+J43*$J$5+K43*$K$5+L43*$L$5+M43*$M$5+N43*$N$5+O43*$O$5+P43*$P$5+Q43*$Q$5+R43*$R$5+S43*$S$5+T43*$T$5+U43*$U$5 | W43: =IFERROR($AA$24*(V43/($W$16)),0) | X43: =SUM(B43:U43) | Y43: =IFERROR(VLOOKUP(X43,AUX_CLAN,4,),0)
A44: 27 | V44: =B44*$B$5+C44*$C$5+D44*$D$5+E44*$E$5+F44*$F$5+G44*$G$5+H44*$H$5+I44*$I$5+J44*$J$5+K44*$K$5+L44*$L$5+M44*$M$5+N44*$N$5+O44*$O$5+P44*$P$5+Q44*$Q$5+R44*$R$5+S44*$S$5+T44*$T$5+U44*$U$5 | W44: =IFERROR($AA$24*(V44/($W$16)),0) | X44: =SUM(B44:U44) | Y44: =IFERROR(VLOOKUP(X44,AUX_CLAN,4,),0)
A45: 28 | V45: =B45*$B$5+C45*$C$5+D45*$D$5+E45*$E$5+F45*$F$5+G45*$G$5+H45*$H$5+I45*$I$5+J45*$J$5+K45*$K$5+L45*$L$5+M45*$M$5+N45*$N$5+O45*$O$5+P45*$P$5+Q45*$Q$5+R45*$R$5+S45*$S$5+T45*$T$5+U45*$U$5 | W45: =IFERROR($AA$24*(V45/($W$16)),0) | X45: =SUM(B45:U45) | Y45: =IFERROR(VLOOKUP(X45,AUX_CLAN,4,),0)
A46: 29 | V46: =B46*$B$5+C46*$C$5+D46*$D$5+E46*$E$5+F46*$F$5+G46*$G$5+H46*$H$5+I46*$I$5+J46*$J$5+K46*$K$5+L46*$L$5+M46*$M$5+N46*$N$5+O46*$O$5+P46*$P$5+Q46*$Q$5+R46*$R$5+S46*$S$5+T46*$T$5+U46*$U$5 | W46: =IFERROR($AA$24*(V46/($W$16)),0) | X46: =SUM(B46:U46) | Y46: =IFERROR(VLOOKUP(X46,AUX_CLAN,4,),0)
A47: 30 | V47: =B47*$B$5+C47*$C$5+D47*$D$5+E47*$E$5+F47*$F$5+G47*$G$5+H47*$H$5+I47*$I$5+J47*$J$5+K47*$K$5+L47*$L$5+M47*$M$5+N47*$N$5+O47*$O$5+P47*$P$5+Q47*$Q$5+R47*$R$5+S47*$S$5+T47*$T$5+U47*$U$5 | W47: =IFERROR($AA$24*(V47/($W$16)),0) | X47: =SUM(B47:U47) | Y47: =IFERROR(VLOOKUP(X47,AUX_CLAN,4,),0)
A48: 31 | V48: =B48*$B$5+C48*$C$5+D48*$D$5+E48*$E$5+F48*$F$5+G48*$G$5+H48*$H$5+I48*$I$5+J48*$J$5+K48*$K$5+L48*$L$5+M48*$M$5+N48*$N$5+O48*$O$5+P48*$P$5+Q48*$Q$5+R48*$R$5+S48*$S$5+T48*$T$5+U48*$U$5 | W48: =IFERROR($AA$24*(V48/($W$16)),0) | X48: =SUM(B48:U48) | Y48: =IFERROR(VLOOKUP(X48,AUX_CLAN,4,),0)
A49: 32 | V49: =B49*$B$5+C49*$C$5+D49*$D$5+E49*$E$5+F49*$F$5+G49*$G$5+H49*$H$5+I49*$I$5+J49*$J$5+K49*$K$5+L49*$L$5+M49*$M$5+N49*$N$5+O49*$O$5+P49*$P$5+Q49*$Q$5+R49*$R$5+S49*$S$5+T49*$T$5+U49*$U$5 | W49: =IFERROR($AA$24*(V49/($W$16)),0) | X49: =SUM(B49:U49) | Y49: =IFERROR(VLOOKUP(X49,AUX_CLAN,4,),0)
... A77: 60 | V77: =B77*$B$5+C77*$C$5+D77*$D$5+E77*$E$5+F77*$F$5+G77*$G$5+H77*$H$5+I77*$I$5+J77*$J$5+K77*$K$5+L77*$L$5+M77*$M$5+N77*$N$5+O77*$O$5+P77*$P$5+Q77*$Q$5+R77*$R$5+S77*$S$5+T77*$T$5+U77*$U$5 | W77: =IFERROR($AA$24*(V77/($W$16)),0) | X77: =SUM(B77:U77) | Y77: =IFERROR(VLOOKUP(X77,AUX_CLAN,4,),0)

Sheet GERAL
A2: ZNA 30460 - RUA JDÉCIO MUNIZ DA SILVA FILHO (ANTIGA 16 DE ABRIL) - CHAPERÓ - ITAGUAÍ RJ | H2: CLANDESTINO? | I2: SIM | K2: CONSIDERA CASAS COM: | L2: 79 | M2: RAMAL ESQ | O2: TRAFO | P2: =IF(OR(I9="",I9=0),"VAZIO",IF(I9>O3,"SOBRECARGA","")) | Q2: CABO BT
M3: =P31 | O3: 225 | Q3: 70 Al - MX
M4: RAMAL DIR | O4: DEMANDA | Q4: 185 Al - MX
A5: LEV 27/03/2026 | C5: EST 31/03/2026 | M5: =P32 | O5: =I9 | P5: =IFERROR(O5/0.85,"") | Q5: 240 Al - MX
A6: PONTO | B6: TRECHO | C6: COMPRIMENTO | D6: COORDENADAS UTM | H6: CARGA PONTO | I6: ACUMULADA | J6: DIST ATÉ O CENTRO DE CARGA | O6: =IFERROR(O5/O3,"") | Q6: 53 Al - QX
B7: MONTATE | C7: metros | D7: LONG | E7: LAT
A8: PONTO | B8: TRECHO | C8: M | D8: X | E8: Y | F8: CLIENTES | G8: CLT ACUMULADO | H8: TOTAL DO TRECHO | I8: ACUMULADA | J8: SNAP | K8: LADO | L8: CONDUTOR | M8: CQT NO PONTO
A9: 11 | B9: 0 | C9: 4 | D9: =IFERROR(VLOOKUP(GERAL[[#This Row],[PONTO]],COORD,2,0),"") | E9: =IFERROR(VLOOKUP(GERAL[[#This Row],[PONTO]],COORD,3,0),"") | F9: =IFERROR(VLOOKUP(GERAL[[#This Row],[PONTO]],RAMAIS_ATUAL,24,0),"") | G9: =IFERROR(SUMIF(GERAL[TRECHO],GERAL[[#This Row],[PONTO]],GERAL[CLT ACUMULADO])+GERAL[[#This Row],[CLIENTES]],"") | H9: =IFERROR(VLOOKUP(GERAL[[#This Row],[PONTO]],RAMAIS_ATUAL,IF($I$2="SIM",25,23),0),"") | I9: =IFERROR(IF($I$2="SIM",VLOOKUP(GERAL[[#This Row],[CLT ACUMULADO]],AUX_CLAN,4,0),SUMIF(GERAL[TRECHO],GERAL[[#This Row],[PONTO]],GERAL[ACUMULADA])+GERAL[[#This Row],[TOTAL DO TRECHO]]),"") | J9: =IFERROR(SQRT((GERAL[[#This Row],[X]]-$P$11)^2+(GERAL[[#This Row],[Y]]-$P$12)^2),"") | K9: TRAFO | L9: 240 Al | M9: =IF(GERAL[[#This Row],[PONTO]]="","",IFERROR(IF(GERAL[[#This Row],[LADO]]="ESQUERDO",VLOOKUP(GERAL[[#This Row],[PONTO]],'ESQ ATUAL'!$A:$O,15,0),IF(GERAL[[#This Row],[LADO]]="DIREITO",VLOOKUP(GERAL[[#This Row],[PONTO]],'DIR ATUAL'!$A:$O,15,0),IF(GERAL[[#This Row],[LADO]]="TRAFO",127-(127*(QT_MTTR)),""))),"")) | O9: CENTRO DE CARGA
A10: 12 | B10: 11 | C10: 30 | D10: =IFERROR(VLOOKUP(GERAL[[#This Row],[PONTO]],COORD,2,0),"") | E10: =IFERROR(VLOOKUP(GERAL[[#This Row],[PONTO]],COORD,3,0),"") | F10: =IFERROR(VLOOKUP(GERAL[[#This Row],[PONTO]],RAMAIS_ATUAL,24,0),"") | G10: =IFERROR(SUMIF(GERAL[TRECHO],GERAL[[#This Row],[PONTO]],GERAL[CLT ACUMULADO])+GERAL[[#This Row],[CLIENTES]],"") | H10: =IFERROR(VLOOKUP(GERAL[[#This Row],[PONTO]],RAMAIS_ATUAL,IF($I$2="SIM",25,23),0),"") | I10: =IFERROR(IF($I$2="SIM",VLOOKUP(GERAL[[#This Row],[CLT ACUMULADO]],AUX_CLAN,4,0),SUMIF(GERAL[TRECHO],GERAL[[#This Row],[PONTO]],GERAL[ACUMULADA])+GERAL[[#This Row],[TOTAL DO TRECHO]]),"") | J10: =IFERROR(SQRT((GERAL[[#This Row],[X]]-$P$11)^2+(GERAL[[#This Row],[Y]]-$P$12)^2),"") | K10: ESQUERDO | L10: 185 Al - MX | M10: =IF(GERAL[[#This Row],[PONTO]]="","",IFERROR(IF(GERAL[[#This Row],[LADO]]="ESQUERDO",VLOOKUP(GERAL[[#This Row],[PONTO]],'ESQ ATUAL'!$A:$O,15,0),IF(GERAL[[#This Row],[LADO]]="DIREITO",VLOOKUP(GERAL[[#This Row],[PONTO]],'DIR ATUAL'!$A:$O,15,0),IF(GERAL[[#This Row],[LADO]]="TRAFO",127-(127*(QT_MTTR)),""))),""))
A11: 13 | B11: 12 | C11: 36 | D11: =IFERROR(VLOOKUP(GERAL[[#This Row],[PONTO]],COORD,2,0),"") | E11: =IFERROR(VLOOKUP(GERAL[[#This Row],[PONTO]],COORD,3,0),"") | F11: =IFERROR(VLOOKUP(GERAL[[#This Row],[PONTO]],RAMAIS_ATUAL,24,0),"") | G11: =IFERROR(SUMIF(GERAL[TRECHO],GERAL[[#This Row],[PONTO]],GERAL[CLT ACUMULADO])+GERAL[[#This Row],[CLIENTES]],"") | H11: =IFERROR(VLOOKUP(GERAL[[#This Row],[PONTO]],RAMAIS_ATUAL,IF($I$2="SIM",25,23),0),"") | I11: =IFERROR(IF($I$2="SIM",VLOOKUP(GERAL[[#This Row],[CLT ACUMULADO]],AUX_CLAN,4,0),SUMIF(GERAL[TRECHO],GERAL[[#This Row],[PONTO]],GERAL[ACUMULADA])+GERAL[[#This Row],[TOTAL DO TRECHO]]),"") | J11: =IFERROR(SQRT((GERAL[[#This Row],[X]]-$P$11)^2+(GERAL[[#This Row],[Y]]-$P$12)^2),"") | K11: ESQUERDO | L11: 70 Al - MX | M11: =IF(GERAL[[#This Row],[PONTO]]="","",IFERROR(IF(GERAL[[#This Row],[LADO]]="ESQUERDO",VLOOKUP(GERAL[[#This Row],[PONTO]],'ESQ ATUAL'!$A:$O,15,0),IF(GERAL[[#This Row],[LADO]]="DIREITO",VLOOKUP(GERAL[[#This Row],[PONTO]],'DIR ATUAL'!$A:$O,15,0),IF(GERAL[[#This Row],[LADO]]="TRAFO",127-(127*(QT_MTTR)),""))),"")) | O11: X | P11: =IFERROR(SUMPRODUCT(GERAL[TOTAL DO TRECHO],GERAL[X])/SUM(GERAL[TOTAL DO TRECHO]),"INSERIR DADOS")
A12: 14 | B12: 13 | C12: 36 | D12: =IFERROR(VLOOKUP(GERAL[[#This Row],[PONTO]],COORD,2,0),"") | E12: =IFERROR(VLOOKUP(GERAL[[#This Row],[PONTO]],COORD,3,0),"") | F12: =IFERROR(VLOOKUP(GERAL[[#This Row],[PONTO]],RAMAIS_ATUAL,24,0),"") | G12: =IFERROR(SUMIF(GERAL[TRECHO],GERAL[[#This Row],[PONTO]],GERAL[CLT ACUMULADO])+GERAL[[#This Row],[CLIENTES]],"") | H12: =IFERROR(VLOOKUP(GERAL[[#This Row],[PONTO]],RAMAIS_ATUAL,IF($I$2="SIM",25,23),0),"") | I12: =IFERROR(IF($I$2="SIM",VLOOKUP(GERAL[[#This Row],[CLT ACUMULADO]],AUX_CLAN,4,0),SUMIF(GERAL[TRECHO],GERAL[[#This Row],[PONTO]],GERAL[ACUMULADA])+GERAL[[#This Row],[TOTAL DO TRECHO]]),"") | J12: =IFERROR(SQRT((GERAL[[#This Row],[X]]-$P$11)^2+(GERAL[[#This Row],[Y]]-$P$12)^2),"") | K12: ESQUERDO | L12: 70 Al - MX | M12: =IF(GERAL[[#This Row],[PONTO]]="","",IFERROR(IF(GERAL[[#This Row],[LADO]]="ESQUERDO",VLOOKUP(GERAL[[#This Row],[PONTO]],'ESQ ATUAL'!$A:$O,15,0),IF(GERAL[[#This Row],[LADO]]="DIREITO",VLOOKUP(GERAL[[#This Row],[PONTO]],'DIR ATUAL'!$A:$O,15,0),IF(GERAL[[#This Row],[LADO]]="TRAFO",127-(127*(QT_MTTR)),""))),"")) | O12: Y | P12: =IFERROR(SUMPRODUCT(GERAL[TOTAL DO TRECHO],GERAL[Y])/SUM(GERAL[TOTAL DO TRECHO]),"INSERIR DADOS")
A13: 15 | B13: 14 | C13: 38 | D13: =IFERROR(VLOOKUP(GERAL[[#This Row],[PONTO]],COORD,2,0),"") | E13: =IFERROR(VLOOKUP(GERAL[[#This Row],[PONTO]],COORD,3,0),"") | F13: =IFERROR(VLOOKUP(GERAL[[#This Row],[PONTO]],RAMAIS_ATUAL,24,0),"") | G13: =IFERROR(SUMIF(GERAL[TRECHO],GERAL[[#This Row],[PONTO]],GERAL[CLT ACUMULADO])+GERAL[[#This Row],[CLIENTES]],"") | H13: =IFERROR(VLOOKUP(GERAL[[#This Row],[PONTO]],RAMAIS_ATUAL,IF($I$2="SIM",25,23),0),"") | I13: =IFERROR(IF($I$2="SIM",VLOOKUP(GERAL[[#This Row],[CLT ACUMULADO]],AUX_CLAN,4,0),SUMIF(GERAL[TRECHO],GERAL[[#This Row],[PONTO]],GERAL[ACUMULADA])+GERAL[[#This Row],[TOTAL DO TRECHO]]),"") | J13: =IFERROR(SQRT((GERAL[[#This Row],[X]]-$P$11)^2+(GERAL[[#This Row],[Y]]-$P$12)^2),"") | K13: ESQUERDO | L13: 70 Al - MX | M13: =IF(GERAL[[#This Row],[PONTO]]="","",IFERROR(IF(GERAL[[#This Row],[LADO]]="ESQUERDO",VLOOKUP(GERAL[[#This Row],[PONTO]],'ESQ ATUAL'!$A:$O,15,0),IF(GERAL[[#This Row],[LADO]]="DIREITO",VLOOKUP(GERAL[[#This Row],[PONTO]],'DIR ATUAL'!$A:$O,15,0),IF(GERAL[[#This Row],[LADO]]="TRAFO",127-(127*(QT_MTTR)),""))),""))
A14: 10 | B14: 11 | C14: 36 | D14: =IFERROR(VLOOKUP(GERAL[[#This Row],[PONTO]],COORD,2,0),"") | E14: =IFERROR(VLOOKUP(GERAL[[#This Row],[PONTO]],COORD,3,0),"") | F14: =IFERROR(VLOOKUP(GERAL[[#This Row],[PONTO]],RAMAIS_ATUAL,24,0),"") | G14: =IFERROR(SUMIF(GERAL[TRECHO],GERAL[[#This Row],[PONTO]],GERAL[CLT ACUMULADO])+GERAL[[#This Row],[CLIENTES]],"") | H14: =IFERROR(VLOOKUP(GERAL[[#This Row],[PONTO]],RAMAIS_ATUAL,IF($I$2="SIM",25,23),0),"") | I14: =IFERROR(IF($I$2="SIM",VLOOKUP(GERAL[[#This Row],[CLT ACUMULADO]],AUX_CLAN,4,0),SUMIF(GERAL[TRECHO],GERAL[[#This Row],[PONTO]],GERAL[ACUMULADA])+GERAL[[#This Row],[TOTAL DO TRECHO]]),"") | J14: =IFERROR(SQRT((GERAL[[#This Row],[X]]-$P$11)^2+(GERAL[[#This Row],[Y]]-$P$12)^2),"") | K14: DIREITO | L14: 185 Al - MX | M14: =IF(GERAL[[#This Row],[PONTO]]="","",IFERROR(IF(GERAL[[#This Row],[LADO]]="ESQUERDO",VLOOKUP(GERAL[[#This Row],[PONTO]],'ESQ ATUAL'!$A:$O,15,0),IF(GERAL[[#This Row],[LADO]]="DIREITO",VLOOKUP(GERAL[[#This Row],[PONTO]],'DIR ATUAL'!$A:$O,15,0),IF(GERAL[[#This Row],[LADO]]="TRAFO",127-(127*(QT_MTTR)),""))),"")) | O14: POSTE IDEAL
A15: 4 | B15: 10 | C15: 34 | D15: =IFERROR(VLOOKUP(GERAL[[#This Row],[PONTO]],COORD,2,0),"") | E15: =IFERROR(VLOOKUP(GERAL[[#This Row],[PONTO]],COORD,3,0),"") | F15: =IFERROR(VLOOKUP(GERAL[[#This Row],[PONTO]],RAMAIS_ATUAL,24,0),"") | G15: =IFERROR(SUMIF(GERAL[TRECHO],GERAL[[#This Row],[PONTO]],GERAL[CLT ACUMULADO])+GERAL[[#This Row],[CLIENTES]],"") | H15: =IFERROR(VLOOKUP(GERAL[[#This Row],[PONTO]],RAMAIS_ATUAL,IF($I$2="SIM",25,23),0),"") | I15: =IFERROR(IF($I$2="SIM",VLOOKUP(GERAL[[#This Row],[CLT ACUMULADO]],AUX_CLAN,4,0),SUMIF(GERAL[TRECHO],GERAL[[#This Row],[PONTO]],GERAL[ACUMULADA])+GERAL[[#This Row],[TOTAL DO TRECHO]]),"") | J15: =IFERROR(SQRT((GERAL[[#This Row],[X]]-$P$11)^2+(GERAL[[#This Row],[Y]]-$P$12)^2),"") | K15: DIREITO | L15: 185 Al - MX | M15: =IF(GERAL[[#This Row],[PONTO]]="","",IFERROR(IF(GERAL[[#This Row],[LADO]]="ESQUERDO",VLOOKUP(GERAL[[#This Row],[PONTO]],'ESQ ATUAL'!$A:$O,15,0),IF(GERAL[[#This Row],[LADO]]="DIREITO",VLOOKUP(GERAL[[#This Row],[PONTO]],'DIR ATUAL'!$A:$O,15,0),IF(GERAL[[#This Row],[LADO]]="TRAFO",127-(127*(QT_MTTR)),""))),""))
A16: 5 | B16: 4 | C16: 23 | D16: =IFERROR(VLOOKUP(GERAL[[#This Row],[PONTO]],COORD,2,0),"") | E16: =IFERROR(VLOOKUP(GERAL[[#This Row],[PONTO]],COORD,3,0),"") | F16: =IFERROR(VLOOKUP(GERAL[[#This Row],[PONTO]],RAMAIS_ATUAL,24,0),"") | G16: =IFERROR(SUMIF(GERAL[TRECHO],GERAL[[#This Row],[PONTO]],GERAL[CLT ACUMULADO])+GERAL[[#This Row],[CLIENTES]],"") | H16: =IFERROR(VLOOKUP(GERAL[[#This Row],[PONTO]],RAMAIS_ATUAL,IF($I$2="SIM",25,23),0),"") | I16: =IFERROR(IF($I$2="SIM",VLOOKUP(GERAL[[#This Row],[CLT ACUMULADO]],AUX_CLAN,4,0),SUMIF(GERAL[TRECHO],GERAL[[#This Row],[PONTO]],GERAL[ACUMULADA])+GERAL[[#This Row],[TOTAL DO TRECHO]]),"") | J16: =IFERROR(SQRT((GERAL[[#This Row],[X]]-$P$11)^2+(GERAL[[#This Row],[Y]]-$P$12)^2),"") | K16: DIREITO | L16: 185 Al - MX | M16: =IF(GERAL[[#This Row],[PONTO]]="","",IFERROR(IF(GERAL[[#This Row],[LADO]]="ESQUERDO",VLOOKUP(GERAL[[#This Row],[PONTO]],'ESQ ATUAL'!$A:$O,15,0),IF(GERAL[[#This Row],[LADO]]="DIREITO",VLOOKUP(GERAL[[#This Row],[PONTO]],'DIR ATUAL'!$A:$O,15,0),IF(GERAL[[#This Row],[LADO]]="TRAFO",127-(127*(QT_MTTR)),""))),"")) | O16: =INDEX(GERAL[PONTO],MATCH(MIN(GERAL[SNAP]),GERAL[SNAP],0))
A17: 3 | B17: 4 | C17: 34 | D17: =IFERROR(VLOOKUP(GERAL[[#This Row],[PONTO]],COORD,2,0),"") | E17: =IFERROR(VLOOKUP(GERAL[[#This Row],[PONTO]],COORD,3,0),"") | F17: =IFERROR(VLOOKUP(GERAL[[#This Row],[PONTO]],RAMAIS_ATUAL,24,0),"") | G17: =IFERROR(SUMIF(GERAL[TRECHO],GERAL[[#This Row],[PONTO]],GERAL[CLT ACUMULADO])+GERAL[[#This Row],[CLIENTES]],"") | H17: =IFERROR(VLOOKUP(GERAL[[#This Row],[PONTO]],RAMAIS_ATUAL,IF($I$2="SIM",25,23),0),"") | I17: =IFERROR(IF($I$2="SIM",VLOOKUP(GERAL[[#This Row],[CLT ACUMULADO]],AUX_CLAN,4,0),SUMIF(GERAL[TRECHO],GERAL[[#This Row],[PONTO]],GERAL[ACUMULADA])+GERAL[[#This Row],[TOTAL DO TRECHO]]),"") | J17: =IFERROR(SQRT((GERAL[[#This Row],[X]]-$P$11)^2+(GERAL[[#This Row],[Y]]-$P$12)^2),"") | K17: DIREITO | L17: 70 Al - MX | M17: =IF(GERAL[[#This Row],[PONTO]]="","",IFERROR(IF(GERAL[[#This Row],[LADO]]="ESQUERDO",VLOOKUP(GERAL[[#This Row],[PONTO]],'ESQ ATUAL'!$A:$O,15,0),IF(GERAL[[#This Row],[LADO]]="DIREITO",VLOOKUP(GERAL[[#This Row],[PONTO]],'DIR ATUAL'!$A:$O,15,0),IF(GERAL[[#This Row],[LADO]]="TRAFO",127-(127*(QT_MTTR)),""))),""))
A18: 6 | B18: 5 | C18: 21 | D18: =IFERROR(VLOOKUP(GERAL[[#This Row],[PONTO]],COORD,2,0),"") | E18: =IFERROR(VLOOKUP(GERAL[[#This Row],[PONTO]],COORD,3,0),"") | F18: =IFERROR(VLOOKUP(GERAL[[#This Row],[PONTO]],RAMAIS_ATUAL,24,0),"") | G18: =IFERROR(SUMIF(GERAL[TRECHO],GERAL[[#This Row],[PONTO]],GERAL[CLT ACUMULADO])+GERAL[[#This Row],[CLIENTES]],"") | H18: =IFERROR(VLOOKUP(GERAL[[#This Row],[PONTO]],RAMAIS_ATUAL,IF($I$2="SIM",25,23),0),"") | I18: =IFERROR(IF($I$2="SIM",VLOOKUP(GERAL[[#This Row],[CLT ACUMULADO]],AUX_CLAN,4,0),SUMIF(GERAL[TRECHO],GERAL[[#This Row],[PONTO]],GERAL[ACUMULADA])+GERAL[[#This Row],[TOTAL DO TRECHO]]),"") | J18: =IFERROR(SQRT((GERAL[[#This Row],[X]]-$P$11)^2+(GERAL[[#This Row],[Y]]-$P$12)^2),"") | K18: DIREITO | L18: 185 Al - MX | M18: =IF(GERAL[[#This Row],[PONTO]]="","",IFERROR(IF(GERAL[[#This Row],[LADO]]="ESQUERDO",VLOOKUP(GERAL[[#This Row],[PONTO]],'ESQ ATUAL'!$A:$O,15,0),IF(GERAL[[#This Row],[LADO]]="DIREITO",VLOOKUP(GERAL[[#This Row],[PONTO]],'DIR ATUAL'!$A:$O,15,0),IF(GERAL[[#This Row],[LADO]]="TRAFO",127-(127*(QT_MTTR)),""))),"")) | O18: SUB-CIRCUITOS SUGERIDOS
A19: 7 | B19: 6 | C19: 25 | D19: =IFERROR(VLOOKUP(GERAL[[#This Row],[PONTO]],COORD,2,0),"") | E19: =IFERROR(VLOOKUP(GERAL[[#This Row],[PONTO]],COORD,3,0),"") | F19: =IFERROR(VLOOKUP(GERAL[[#This Row],[PONTO]],RAMAIS_ATUAL,24,0),"") | G19: =IFERROR(SUMIF(GERAL[TRECHO],GERAL[[#This Row],[PONTO]],GERAL[CLT ACUMULADO])+GERAL[[#This Row],[CLIENTES]],"") | H19: =IFERROR(VLOOKUP(GERAL[[#This Row],[PONTO]],RAMAIS_ATUAL,IF($I$2="SIM",25,23),0),"") | I19: =IFERROR(IF($I$2="SIM",VLOOKUP(GERAL[[#This Row],[CLT ACUMULADO]],AUX_CLAN,4,0),SUMIF(GERAL[TRECHO],GERAL[[#This Row],[PONTO]],GERAL[ACUMULADA])+GERAL[[#This Row],[TOTAL DO TRECHO]]),"") | J19: =IFERROR(SQRT((GERAL[[#This Row],[X]]-$P$11)^2+(GERAL[[#This Row],[Y]]-$P$12)^2),"") | K19: DIREITO | L19: 185 Al - MX | M19: =IF(GERAL[[#This Row],[PONTO]]="","",IFERROR(IF(GERAL[[#This Row],[LADO]]="ESQUERDO",VLOOKUP(GERAL[[#This Row],[PONTO]],'ESQ ATUAL'!$A:$O,15,0),IF(GERAL[[#This Row],[LADO]]="DIREITO",VLOOKUP(GERAL[[#This Row],[PONTO]],'DIR ATUAL'!$A:$O,15,0),IF(GERAL[[#This Row],[LADO]]="TRAFO",127-(127*(QT_MTTR)),""))),""))
A20: 8 | B20: 7 | C20: 32 | D20: =IFERROR(VLOOKUP(GERAL[[#This Row],[PONTO]],COORD,2,0),"") | E20: =IFERROR(VLOOKUP(GERAL[[#This Row],[PONTO]],COORD,3,0),"") | F20: =IFERROR(VLOOKUP(GERAL[[#This Row],[PONTO]],RAMAIS_ATUAL,24,0),"") | G20: =IFERROR(SUMIF(GERAL[TRECHO],GERAL[[#This Row],[PONTO]],GERAL[CLT ACUMULADO])+GERAL[[#This Row],[CLIENTES]],"") | H20: =IFERROR(VLOOKUP(GERAL[[#This Row],[PONTO]],RAMAIS_ATUAL,IF($I$2="SIM",25,23),0),"") | I20: =IFERROR(IF($I$2="SIM",VLOOKUP(GERAL[[#This Row],[CLT ACUMULADO]],AUX_CLAN,4,0),SUMIF(GERAL[TRECHO],GERAL[[#This Row],[PONTO]],GERAL[ACUMULADA])+GERAL[[#This Row],[TOTAL DO TRECHO]]),"") | J20: =IFERROR(SQRT((GERAL[[#This Row],[X]]-$P$11)^2+(GERAL[[#This Row],[Y]]-$P$12)^2),"") | K20: DIREITO | L20: 185 Al - MX | M20: =IF(GERAL[[#This Row],[PONTO]]="","",IFERROR(IF(GERAL[[#This Row],[LADO]]="ESQUERDO",VLOOKUP(GERAL[[#This Row],[PONTO]],'ESQ ATUAL'!$A:$O,15,0),IF(GERAL[[#This Row],[LADO]]="DIREITO",VLOOKUP(GERAL[[#This Row],[PONTO]],'DIR ATUAL'!$A:$O,15,0),IF(GERAL[[#This Row],[LADO]]="TRAFO",127-(127*(QT_MTTR)),""))),"")) | O20: =O25/400
A21: 9 | B21: 8 | C21: 39 | D21: =IFERROR(VLOOKUP(GERAL[[#This Row],[PONTO]],COORD,2,0),"") | E21: =IFERROR(VLOOKUP(GERAL[[#This Row],[PONTO]],COORD,3,0),"") | F21: =IFERROR(VLOOKUP(GERAL[[#This Row],[PONTO]],RAMAIS_ATUAL,24,0),"") | G21: =IFERROR(SUMIF(GERAL[TRECHO],GERAL[[#This Row],[PONTO]],GERAL[CLT ACUMULADO])+GERAL[[#This Row],[CLIENTES]],"") | H21: =IFERROR(VLOOKUP(GERAL[[#This Row],[PONTO]],RAMAIS_ATUAL,IF($I$2="SIM",25,23),0),"") | I21: =IFERROR(IF($I$2="SIM",VLOOKUP(GERAL[[#This Row],[CLT ACUMULADO]],AUX_CLAN,4,0),SUMIF(GERAL[TRECHO],GERAL[[#This Row],[PONTO]],GERAL[ACUMULADA])+GERAL[[#This Row],[TOTAL DO TRECHO]]),"") | J21: =IFERROR(SQRT((GERAL[[#This Row],[X]]-$P$11)^2+(GERAL[[#This Row],[Y]]-$P$12)^2),"") | K21: DIREITO | L21: 185 Al - MX | M21: =IF(GERAL[[#This Row],[PONTO]]="","",IFERROR(IF(GERAL[[#This Row],[LADO]]="ESQUERDO",VLOOKUP(GERAL[[#This Row],[PONTO]],'ESQ ATUAL'!$A:$O,15,0),IF(GERAL[[#This Row],[LADO]]="DIREITO",VLOOKUP(GERAL[[#This Row],[PONTO]],'DIR ATUAL'!$A:$O,15,0),IF(GERAL[[#This Row],[LADO]]="TRAFO",127-(127*(QT_MTTR)),""))),"")) | O21: ATENTAR-SE PARA CQT
D22: =IFERROR(VLOOKUP(GERAL[[#This Row],[PONTO]],COORD,2,0),"") | E22: =IFERROR(VLOOKUP(GERAL[[#This Row],[PONTO]],COORD,3,0),"") | F22: =IFERROR(VLOOKUP(GERAL[[#This Row],[PONTO]],RAMAIS_ATUAL,24,0),"") | G22: =IFERROR(SUMIF(GERAL[TRECHO],GERAL[[#This Row],[PONTO]],GERAL[CLT ACUMULADO])+GERAL[[#This Row],[CLIENTES]],"") | H22: =IFERROR(VLOOKUP(GERAL[[#This Row],[PONTO]],RAMAIS_ATUAL,IF($I$2="SIM",25,23),0),"") | I22: =IFERROR(IF($I$2="SIM",VLOOKUP(GERAL[[#This Row],[CLT ACUMULADO]],AUX_CLAN,4,0),SUMIF(GERAL[TRECHO],GERAL[[#This Row],[PONTO]],GERAL[ACUMULADA])+GERAL[[#This Row],[TOTAL DO TRECHO]]),"") | J22: =IFERROR(SQRT((GERAL[[#This Row],[X]]-$P$11)^2+(GERAL[[#This Row],[Y]]-$P$12)^2),"") | M22: =IF(GERAL[[#This Row],[PONTO]]="","",IFERROR(IF(GERAL[[#This Row],[LADO]]="ESQUERDO",VLOOKUP(GERAL[[#This Row],[PONTO]],'ESQ ATUAL'!$A:$O,15,0),IF(GERAL[[#This Row],[LADO]]="DIREITO",VLOOKUP(GERAL[[#This Row],[PONTO]],'DIR ATUAL'!$A:$O,15,0),IF(GERAL[[#This Row],[LADO]]="TRAFO",127-(127*(QT_MTTR)),""))),""))
D23: =IFERROR(VLOOKUP(GERAL[[#This Row],[PONTO]],COORD,2,0),"") | E23: =IFERROR(VLOOKUP(GERAL[[#This Row],[PONTO]],COORD,3,0),"") | F23: =IFERROR(VLOOKUP(GERAL[[#This Row],[PONTO]],RAMAIS_ATUAL,24,0),"") | G23: =IFERROR(SUMIF(GERAL[TRECHO],GERAL[[#This Row],[PONTO]],GERAL[CLT ACUMULADO])+GERAL[[#This Row],[CLIENTES]],"") | H23: =IFERROR(VLOOKUP(GERAL[[#This Row],[PONTO]],RAMAIS_ATUAL,IF($I$2="SIM",25,23),0),"") | I23: =IFERROR(IF($I$2="SIM",VLOOKUP(GERAL[[#This Row],[CLT ACUMULADO]],AUX_CLAN,4,0),SUMIF(GERAL[TRECHO],GERAL[[#This Row],[PONTO]],GERAL[ACUMULADA])+GERAL[[#This Row],[TOTAL DO TRECHO]]),"") | J23: =IFERROR(SQRT((GERAL[[#This Row],[X]]-$P$11)^2+(GERAL[[#This Row],[Y]]-$P$12)^2),"") | M23: =IF(GERAL[[#This Row],[PONTO]]="","",IFERROR(IF(GERAL[[#This Row],[LADO]]="ESQUERDO",VLOOKUP(GERAL[[#This Row],[PONTO]],'ESQ ATUAL'!$A:$O,15,0),IF(GERAL[[#This Row],[LADO]]="DIREITO",VLOOKUP(GERAL[[#This Row],[PONTO]],'DIR ATUAL'!$A:$O,15,0),IF(GERAL[[#This Row],[LADO]]="TRAFO",127-(127*(QT_MTTR)),""))),"")) | O23: METROS REDE TOTAL
D24: =IFERROR(VLOOKUP(GERAL[[#This Row],[PONTO]],COORD,2,0),"") | E24: =IFERROR(VLOOKUP(GERAL[[#This Row],[PONTO]],COORD,3,0),"") | F24: =IFERROR(VLOOKUP(GERAL[[#This Row],[PONTO]],RAMAIS_ATUAL,24,0),"") | G24: =IFERROR(SUMIF(GERAL[TRECHO],GERAL[[#This Row],[PONTO]],GERAL[CLT ACUMULADO])+GERAL[[#This Row],[CLIENTES]],"") | H24: =IFERROR(VLOOKUP(GERAL[[#This Row],[PONTO]],RAMAIS_ATUAL,IF($I$2="SIM",25,23),0),"") | I24: =IFERROR(IF($I$2="SIM",VLOOKUP(GERAL[[#This Row],[CLT ACUMULADO]],AUX_CLAN,4,0),SUMIF(GERAL[TRECHO],GERAL[[#This Row],[PONTO]],GERAL[ACUMULADA])+GERAL[[#This Row],[TOTAL DO TRECHO]]),"") | J24: =IFERROR(SQRT((GERAL[[#This Row],[X]]-$P$11)^2+(GERAL[[#This Row],[Y]]-$P$12)^2),"") | M24: =IF(GERAL[[#This Row],[PONTO]]="","",IFERROR(IF(GERAL[[#This Row],[LADO]]="ESQUERDO",VLOOKUP(GERAL[[#This Row],[PONTO]],'ESQ ATUAL'!$A:$O,15,0),IF(GERAL[[#This Row],[LADO]]="DIREITO",VLOOKUP(GERAL[[#This Row],[PONTO]],'DIR ATUAL'!$A:$O,15,0),IF(GERAL[[#This Row],[LADO]]="TRAFO",127-(127*(QT_MTTR)),""))),""))
D25: =IFERROR(VLOOKUP(GERAL[[#This Row],[PONTO]],COORD,2,0),"") | E25: =IFERROR(VLOOKUP(GERAL[[#This Row],[PONTO]],COORD,3,0),"") | F25: =IFERROR(VLOOKUP(GERAL[[#This Row],[PONTO]],RAMAIS_ATUAL,24,0),"") | G25: =IFERROR(SUMIF(GERAL[TRECHO],GERAL[[#This Row],[PONTO]],GERAL[CLT ACUMULADO])+GERAL[[#This Row],[CLIENTES]],"") | H25: =IFERROR(VLOOKUP(GERAL[[#This Row],[PONTO]],RAMAIS_ATUAL,IF($I$2="SIM",25,23),0),"") | I25: =IFERROR(IF($I$2="SIM",VLOOKUP(GERAL[[#This Row],[CLT ACUMULADO]],AUX_CLAN,4,0),SUMIF(GERAL[TRECHO],GERAL[[#This Row],[PONTO]],GERAL[ACUMULADA])+GERAL[[#This Row],[TOTAL DO TRECHO]]),"") | J25: =IFERROR(SQRT((GERAL[[#This Row],[X]]-$P$11)^2+(GERAL[[#This Row],[Y]]-$P$12)^2),"") | M25: =IF(GERAL[[#This Row],[PONTO]]="","",IFERROR(IF(GERAL[[#This Row],[LADO]]="ESQUERDO",VLOOKUP(GERAL[[#This Row],[PONTO]],'ESQ ATUAL'!$A:$O,15,0),IF(GERAL[[#This Row],[LADO]]="DIREITO",VLOOKUP(GERAL[[#This Row],[PONTO]],'DIR ATUAL'!$A:$O,15,0),IF(GERAL[[#This Row],[LADO]]="TRAFO",127-(127*(QT_MTTR)),""))),"")) | O25: =SUM(GERAL[M])
D26: =IFERROR(VLOOKUP(GERAL[[#This Row],[PONTO]],COORD,2,0),"") | E26: =IFERROR(VLOOKUP(GERAL[[#This Row],[PONTO]],COORD,3,0),"") | F26: =IFERROR(VLOOKUP(GERAL[[#This Row],[PONTO]],RAMAIS_ATUAL,24,0),"") | G26: =IFERROR(SUMIF(GERAL[TRECHO],GERAL[[#This Row],[PONTO]],GERAL[CLT ACUMULADO])+GERAL[[#This Row],[CLIENTES]],"") | H26: =IFERROR(VLOOKUP(GERAL[[#This Row],[PONTO]],RAMAIS_ATUAL,IF($I$2="SIM",25,23),0),"") | I26: =IFERROR(IF($I$2="SIM",VLOOKUP(GERAL[[#This Row],[CLT ACUMULADO]],AUX_CLAN,4,0),SUMIF(GERAL[TRECHO],GERAL[[#This Row],[PONTO]],GERAL[ACUMULADA])+GERAL[[#This Row],[TOTAL DO TRECHO]]),"") | J26: =IFERROR(SQRT((GERAL[[#This Row],[X]]-$P$11)^2+(GERAL[[#This Row],[Y]]-$P$12)^2),"") | M26: =IF(GERAL[[#This Row],[PONTO]]="","",IFERROR(IF(GERAL[[#This Row],[LADO]]="ESQUERDO",VLOOKUP(GERAL[[#This Row],[PONTO]],'ESQ ATUAL'!$A:$O,15,0),IF(GERAL[[#This Row],[LADO]]="DIREITO",VLOOKUP(GERAL[[#This Row],[PONTO]],'DIR ATUAL'!$A:$O,15,0),IF(GERAL[[#This Row],[LADO]]="TRAFO",127-(127*(QT_MTTR)),""))),""))
D27: =IFERROR(VLOOKUP(GERAL[[#This Row],[PONTO]],COORD,2,0),"") | E27: =IFERROR(VLOOKUP(GERAL[[#This Row],[PONTO]],COORD,3,0),"") | F27: =IFERROR(VLOOKUP(GERAL[[#This Row],[PONTO]],RAMAIS_ATUAL,24,0),"") | G27: =IFERROR(SUMIF(GERAL[TRECHO],GERAL[[#This Row],[PONTO]],GERAL[CLT ACUMULADO])+GERAL[[#This Row],[CLIENTES]],"") | H27: =IFERROR(VLOOKUP(GERAL[[#This Row],[PONTO]],RAMAIS_ATUAL,IF($I$2="SIM",25,23),0),"") | I27: =IFERROR(IF($I$2="SIM",VLOOKUP(GERAL[[#This Row],[CLT ACUMULADO]],AUX_CLAN,4,0),SUMIF(GERAL[TRECHO],GERAL[[#This Row],[PONTO]],GERAL[ACUMULADA])+GERAL[[#This Row],[TOTAL DO TRECHO]]),"") | J27: =IFERROR(SQRT((GERAL[[#This Row],[X]]-$P$11)^2+(GERAL[[#This Row],[Y]]-$P$12)^2),"") | M27: =IF(GERAL[[#This Row],[PONTO]]="","",IFERROR(IF(GERAL[[#This Row],[LADO]]="ESQUERDO",VLOOKUP(GERAL[[#This Row],[PONTO]],'ESQ ATUAL'!$A:$O,15,0),IF(GERAL[[#This Row],[LADO]]="DIREITO",VLOOKUP(GERAL[[#This Row],[PONTO]],'DIR ATUAL'!$A:$O,15,0),IF(GERAL[[#This Row],[LADO]]="TRAFO",127-(127*(QT_MTTR)),""))),"")) | O27: RAMAL (DMDI)
D28: =IFERROR(VLOOKUP(GERAL[[#This Row],[PONTO]],COORD,2,0),"") | E28: =IFERROR(VLOOKUP(GERAL[[#This Row],[PONTO]],COORD,3,0),"") | F28: =IFERROR(VLOOKUP(GERAL[[#This Row],[PONTO]],RAMAIS_ATUAL,24,0),"") | G28: =IFERROR(SUMIF(GERAL[TRECHO],GERAL[[#This Row],[PONTO]],GERAL[CLT ACUMULADO])+GERAL[[#This Row],[CLIENTES]],"") | H28: =IFERROR(VLOOKUP(GERAL[[#This Row],[PONTO]],RAMAIS_ATUAL,IF($I$2="SIM",25,23),0),"") | I28: =IFERROR(IF($I$2="SIM",VLOOKUP(GERAL[[#This Row],[CLT ACUMULADO]],AUX_CLAN,4,0),SUMIF(GERAL[TRECHO],GERAL[[#This Row],[PONTO]],GERAL[ACUMULADA])+GERAL[[#This Row],[TOTAL DO TRECHO]]),"") | J28: =IFERROR(SQRT((GERAL[[#This Row],[X]]-$P$11)^2+(GERAL[[#This Row],[Y]]-$P$12)^2),"") | M28: =IF(GERAL[[#This Row],[PONTO]]="","",IFERROR(IF(GERAL[[#This Row],[LADO]]="ESQUERDO",VLOOKUP(GERAL[[#This Row],[PONTO]],'ESQ ATUAL'!$A:$O,15,0),IF(GERAL[[#This Row],[LADO]]="DIREITO",VLOOKUP(GERAL[[#This Row],[PONTO]],'DIR ATUAL'!$A:$O,15,0),IF(GERAL[[#This Row],[LADO]]="TRAFO",127-(127*(QT_MTTR)),""))),""))
